row_id_raw,row_id_clean,source_column,raw_value,true_clean_value,split,match
1,1,creation_date,"Jul 13th, 2020 1:29 pm",2020-07-13 13:29:00,test,True
4,4,creation_date,"Jul 16th, 2020 1:36 pm",2020-07-16 13:36:00,test,True
8,8,creation_date,"Jul 15th, 2020 11:02 am",2020-07-15 11:02:00,test,True
13,13,creation_date,"Jun 23rd, 2020 11:28 pm",2020-06-23 23:28:00,test,True
14,14,creation_date,"Jul 15th, 2020 3:16 pm",2020-07-15 15:16:00,test,True
16,16,creation_date,"Jul 15th, 2020 2:41 pm",2020-07-15 14:41:00,test,True
17,17,creation_date,"Jul 15th, 2020 10:02 pm",2020-07-15 22:02:00,test,True
19,19,creation_date,"Jul 16th, 2020 8:04 pm",2020-07-16 20:04:00,test,True
20,20,creation_date,"Mar 2nd, 2020 10:17 am",2020-03-02 10:17:00,test,True
21,21,creation_date,"Jul 17th, 2020 7:53 am",2020-07-17 07:53:00,test,True
34,34,creation_date,"Jun 27th, 2020 11:01 pm",2020-06-27 23:01:00,test,True
42,42,creation_date,"Jul 17th, 2020 3:33 am",2020-07-17 03:33:00,test,True
43,43,creation_date,"Jul 17th, 2020 7:30 am",2020-07-17 07:30:00,test,True
45,45,creation_date,"Jul 16th, 2020 8:53 pm",2020-07-16 20:53:00,test,True
46,46,creation_date,"Jul 17th, 2020 3:15 am",2020-07-17 03:15:00,test,True
48,48,creation_date,"Jul 15th, 2020 8:37 pm",2020-07-15 20:37:00,test,True
54,54,creation_date,"Jul 4th, 2020 2:57 pm",2020-07-04 14:57:00,test,True
60,60,creation_date,"Jul 17th, 2020 5:31 am",2020-07-17 05:31:00,test,True
62,62,creation_date,"Jul 16th, 2020 9:20 pm",2020-07-16 21:20:00,test,True
63,63,creation_date,"Jul 16th, 2020 8:35 am",2020-07-16 08:35:00,test,True
67,67,creation_date,"Feb 29th, 2020 8:24 am",2020-02-29 08:24:00,test,True
74,74,creation_date,"Jul 14th, 2020 11:00 am",2020-07-14 11:00:00,test,True
101,101,creation_date,"Jul 15th, 2020 9:33 pm",2020-07-15 21:33:00,test,True
105,105,creation_date,"Jul 4th, 2020 12:26 pm",2020-07-04 12:26:00,test,True
109,109,creation_date,"Jul 15th, 2020 10:25 am",2020-07-15 10:25:00,test,True
112,112,creation_date,"Apr 23rd, 2020 1:01 pm",2020-04-23 13:01:00,test,True
116,116,creation_date,"Jul 14th, 2020 6:39 pm",2020-07-14 18:39:00,test,True
121,121,creation_date,"Jul 16th, 2020 2:46 pm",2020-07-16 14:46:00,test,True
123,123,creation_date,"Jul 3rd, 2020 3:40 am",2020-07-03 03:40:00,test,True
130,130,creation_date,"May 24th, 2020 10:16 am",2020-05-24 10:16:00,test,True
134,134,creation_date,"Jul 16th, 2020 6:04 pm",2020-07-16 18:04:00,test,True
137,137,creation_date,"Jul 15th, 2020 4:12 pm",2020-07-15 16:12:00,test,True
139,139,creation_date,"Jul 16th, 2020 5:53 pm",2020-07-16 17:53:00,test,True
140,140,creation_date,"Jul 16th, 2020 7:19 pm",2020-07-16 19:19:00,test,True
142,142,creation_date,"Jul 16th, 2020 1:44 am",2020-07-16 01:44:00,test,True
145,145,creation_date,"Jul 16th, 2020 2:58 pm",2020-07-16 14:58:00,test,True
148,148,creation_date,"Jul 3rd, 2020 12:21 pm",2020-07-03 12:21:00,test,True
152,152,creation_date,"Jul 16th, 2020 8:34 am",2020-07-16 08:34:00,test,True
160,160,creation_date,"Jun 26th, 2020 3:54 pm",2020-06-26 15:54:00,test,True
161,161,creation_date,"Jul 16th, 2020 1:54 pm",2020-07-16 13:54:00,test,True
164,164,creation_date,"Jul 14th, 2020 1:53 pm",2020-07-14 13:53:00,test,True
167,167,creation_date,"Jun 27th, 2020 3:31 pm",2020-06-27 15:31:00,test,True
168,168,creation_date,"Jul 6th, 2020 10:28 pm",2020-07-06 22:28:00,test,True
169,169,creation_date,"Jul 8th, 2020 2:38 pm",2020-07-08 14:38:00,test,True
170,170,creation_date,"Jun 13th, 2020 3:16 pm",2020-06-13 15:16:00,test,True
172,172,creation_date,"Jul 10th, 2020 9:25 pm",2020-07-10 21:25:00,test,True
175,175,creation_date,"Jul 13th, 2020 6:44 pm",2020-07-13 18:44:00,test,True
180,180,creation_date,"Jul 15th, 2020 2:54 pm",2020-07-15 14:54:00,test,True
181,181,creation_date,"Jul 16th, 2020 12:36 am",2020-07-16 00:36:00,test,True
186,186,creation_date,"Jul 3rd, 2020 11:58 am",2020-07-03 11:58:00,test,True
195,195,creation_date,"Jul 13th, 2020 7:53 am",2020-07-13 07:53:00,test,True
200,200,creation_date,"Jul 15th, 2020 11:09 am",2020-07-15 11:09:00,test,True
206,206,creation_date,"May 28th, 2020 7:39 pm",2020-05-28 19:39:00,test,True
207,207,creation_date,"Jul 11th, 2020 5:09 pm",2020-07-11 17:09:00,test,True
211,211,creation_date,"Jul 10th, 2020 5:15 pm",2020-07-10 17:15:00,test,True
212,212,creation_date,"Jul 5th, 2020 7:21 pm",2020-07-05 19:21:00,test,True
217,217,creation_date,"Jun 25th, 2020 8:14 am",2020-06-25 08:14:00,test,True
219,219,creation_date,"Jul 16th, 2020 11:53 am",2020-07-16 11:53:00,test,True
222,222,creation_date,"May 28th, 2020 7:54 am",2020-05-28 07:54:00,test,True
223,223,creation_date,"Apr 21st, 2020 3:08 pm",2020-04-21 15:08:00,test,True
224,224,creation_date,"Jul 15th, 2020 11:09 am",2020-07-15 11:09:00,test,True
227,227,creation_date,"May 29th, 2020 11:19 am",2020-05-29 11:19:00,test,True
228,228,creation_date,"Jul 15th, 2020 10:21 pm",2020-07-15 22:21:00,test,True
229,229,creation_date,"Jul 14th, 2020 9:47 am",2020-07-14 09:47:00,test,True
240,240,creation_date,"Jul 14th, 2020 4:07 pm",2020-07-14 16:07:00,test,True
243,243,creation_date,"Jul 15th, 2020 3:56 pm",2020-07-15 15:56:00,test,True
249,249,creation_date,"Jul 15th, 2020 1:11 pm",2020-07-15 13:11:00,test,True
253,253,creation_date,"Jul 15th, 2020 10:13 am",2020-07-15 10:13:00,test,True
254,254,creation_date,"Jul 11th, 2020 10:11 pm",2020-07-11 22:11:00,test,True
265,265,creation_date,"Mar 28th, 2020 8:34 am",2020-03-28 08:34:00,test,True
269,269,creation_date,"Jul 16th, 2020 12:00 am",2020-07-16 00:00:00,test,True
270,270,creation_date,"Jun 13th, 2020 9:50 pm",2020-06-13 21:50:00,test,True
276,276,creation_date,"Jul 14th, 2020 10:58 pm",2020-07-14 22:58:00,test,True
277,277,creation_date,"Jul 15th, 2020 10:57 am",2020-07-15 10:57:00,test,True
279,279,creation_date,"Jul 8th, 2020 4:48 pm",2020-07-08 16:48:00,test,True
286,286,creation_date,"Jul 15th, 2020 8:39 pm",2020-07-15 20:39:00,test,True
287,287,creation_date,"Jul 14th, 2020 11:10 am",2020-07-14 11:10:00,test,True
292,292,creation_date,"Jul 15th, 2020 2:36 pm",2020-07-15 14:36:00,test,True
293,293,creation_date,"Jul 14th, 2020 10:04 pm",2020-07-14 22:04:00,test,True
300,300,creation_date,"Jul 13th, 2020 9:13 am",2020-07-13 09:13:00,test,True
303,303,creation_date,"Jul 11th, 2020 10:49 pm",2020-07-11 22:49:00,test,True
307,307,creation_date,"Jul 15th, 2020 2:07 pm",2020-07-15 14:07:00,test,True
311,311,creation_date,"Jul 13th, 2020 12:49 pm",2020-07-13 12:49:00,test,True
312,312,creation_date,"Jul 14th, 2020 11:55 am",2020-07-14 11:55:00,test,True
317,317,creation_date,"Jul 14th, 2020 3:59 pm",2020-07-14 15:59:00,test,True
319,319,creation_date,"Jul 15th, 2020 11:22 am",2020-07-15 11:22:00,test,True
325,325,creation_date,"Jun 26th, 2020 12:52 am",2020-06-26 00:52:00,test,True
329,328,creation_date,"Jul 4th, 2020 9:04 am",2020-07-04 09:04:00,test,True
338,337,creation_date,"Jul 10th, 2020 11:03 am",2020-07-10 11:03:00,test,True
340,339,creation_date,"Jul 14th, 2020 8:17 pm",2020-07-14 20:17:00,test,True
342,341,creation_date,"Jun 17th, 2020 3:09 pm",2020-06-17 15:09:00,test,True
345,344,creation_date,"Jun 28th, 2020 9:04 pm",2020-06-28 21:04:00,test,True
347,346,creation_date,"Jul 8th, 2020 10:36 am",2020-07-08 10:36:00,test,True
355,354,creation_date,"Jul 8th, 2020 9:50 pm",2020-07-08 21:50:00,test,True
362,361,creation_date,"Jun 12th, 2020 1:30 pm",2020-06-12 13:30:00,test,True
366,365,creation_date,"Jul 14th, 2020 12:27 pm",2020-07-14 12:27:00,test,True
368,367,creation_date,"Jul 4th, 2020 2:35 pm",2020-07-04 14:35:00,test,True
370,369,creation_date,"May 25th, 2020 2:37 pm",2020-05-25 14:37:00,test,True
374,373,creation_date,"Jul 14th, 2020 12:25 pm",2020-07-14 12:25:00,test,True
378,377,creation_date,"Jun 30th, 2020 8:25 am",2020-06-30 08:25:00,test,True
394,393,creation_date,"Jul 13th, 2020 1:19 pm",2020-07-13 13:19:00,test,True
403,402,creation_date,"Jul 8th, 2020 11:28 pm",2020-07-08 23:28:00,test,True
404,403,creation_date,"Jun 27th, 2020 8:21 pm",2020-06-27 20:21:00,test,True
409,408,creation_date,"May 17th, 2020 12:40 pm",2020-05-17 12:40:00,test,True
410,409,creation_date,"Jul 14th, 2020 1:10 am",2020-07-14 01:10:00,test,True
412,411,creation_date,"Jul 12th, 2020 9:45 am",2020-07-12 09:45:00,test,True
416,415,creation_date,"Jun 4th, 2020 3:44 am",2020-06-04 03:44:00,test,True
417,416,creation_date,"Jul 13th, 2020 4:12 pm",2020-07-13 16:12:00,test,True
424,423,creation_date,"Mar 27th, 2020 3:03 pm",2020-03-27 15:03:00,test,True
426,425,creation_date,"Jul 11th, 2020 10:37 pm",2020-07-11 22:37:00,test,True
427,426,creation_date,"Jul 13th, 2020 2:54 pm",2020-07-13 14:54:00,test,True
428,427,creation_date,"Jul 13th, 2020 5:16 pm",2020-07-13 17:16:00,test,True
429,428,creation_date,"Jul 13th, 2020 4:58 am",2020-07-13 04:58:00,test,True
430,429,creation_date,"Jul 13th, 2020 5:02 pm",2020-07-13 17:02:00,test,True
433,432,creation_date,"Jul 13th, 2020 12:24 pm",2020-07-13 12:24:00,test,True
434,433,creation_date,"Jun 25th, 2020 12:51 am",2020-06-25 00:51:00,test,True
445,444,creation_date,"Jul 13th, 2020 2:39 pm",2020-07-13 14:39:00,test,True
464,463,creation_date,"Jul 11th, 2020 1:03 pm",2020-07-11 13:03:00,test,True
468,467,creation_date,"Jun 22nd, 2020 8:33 pm",2020-06-22 20:33:00,test,True
470,469,creation_date,"Jul 13th, 2020 8:53 am",2020-07-13 08:53:00,test,True
479,478,creation_date,"Jul 12th, 2020 9:43 am",2020-07-12 09:43:00,test,True
482,481,creation_date,"Jun 17th, 2020 3:12 pm",2020-06-17 15:12:00,test,True
486,485,creation_date,"Jul 12th, 2020 11:01 pm",2020-07-12 23:01:00,test,True
490,489,creation_date,"Jun 3rd, 2020 10:55 pm",2020-06-03 22:55:00,test,True
493,492,creation_date,"Jul 12th, 2020 8:04 pm",2020-07-12 20:04:00,test,True
496,495,creation_date,"Jul 11th, 2020 9:37 pm",2020-07-11 21:37:00,test,True
497,496,creation_date,"Jul 12th, 2020 8:11 am",2020-07-12 08:11:00,test,True
499,498,creation_date,"Jul 3rd, 2020 5:21 pm",2020-07-03 17:21:00,test,True
500,499,creation_date,"Jul 10th, 2020 10:39 am",2020-07-10 10:39:00,test,True
501,500,creation_date,"Jun 30th, 2020 4:22 pm",2020-06-30 16:22:00,test,True
503,502,creation_date,"Jun 9th, 2020 1:30 pm",2020-06-09 13:30:00,test,True
511,510,creation_date,"Jul 10th, 2020 7:31 pm",2020-07-10 19:31:00,test,True
515,514,creation_date,"Jul 11th, 2020 4:09 pm",2020-07-11 16:09:00,test,True
516,515,creation_date,"Jul 4th, 2020 7:49 pm",2020-07-04 19:49:00,test,True
519,518,creation_date,"May 4th, 2020 10:47 am",2020-05-04 10:47:00,test,True
523,522,creation_date,"Jul 11th, 2020 12:32 pm",2020-07-11 12:32:00,test,True
529,528,creation_date,"May 3rd, 2020 9:46 am",2020-05-03 09:46:00,test,True
532,531,creation_date,"Jun 27th, 2020 11:45 pm",2020-06-27 23:45:00,test,True
535,534,creation_date,"Jul 1st, 2020 1:06 pm",2020-07-01 13:06:00,test,True
536,535,creation_date,"Jul 11th, 2020 5:30 pm",2020-07-11 17:30:00,test,True
537,536,creation_date,"Jul 11th, 2020 7:06 pm",2020-07-11 19:06:00,test,True
540,539,creation_date,"Jul 11th, 2020 8:36 pm",2020-07-11 20:36:00,test,True
546,545,creation_date,"Jul 11th, 2020 5:57 pm",2020-07-11 17:57:00,test,True
549,548,creation_date,"Jul 11th, 2020 11:45 am",2020-07-11 11:45:00,test,True
553,552,creation_date,"Jul 9th, 2020 2:28 pm",2020-07-09 14:28:00,test,True
566,565,creation_date,"Jul 9th, 2020 11:51 am",2020-07-09 11:51:00,test,True
569,568,creation_date,"Jul 11th, 2020 12:47 pm",2020-07-11 12:47:00,test,True
575,574,creation_date,"Jul 11th, 2020 10:58 am",2020-07-11 10:58:00,test,True
579,578,creation_date,"Jul 9th, 2020 5:54 pm",2020-07-09 17:54:00,test,True
585,584,creation_date,"Jun 26th, 2020 11:08 pm",2020-06-26 23:08:00,test,True
591,590,creation_date,"Jun 26th, 2020 8:42 am",2020-06-26 08:42:00,test,True
592,591,creation_date,"Jul 4th, 2020 4:55 pm",2020-07-04 16:55:00,test,True
593,592,creation_date,"Jul 3rd, 2020 9:57 pm",2020-07-03 21:57:00,test,True
594,593,creation_date,"Jul 4th, 2020 1:01 pm",2020-07-04 13:01:00,test,True
598,597,creation_date,"Jul 7th, 2020 6:01 am",2020-07-07 06:01:00,test,True
600,599,creation_date,"Jul 9th, 2020 3:29 pm",2020-07-09 15:29:00,test,True
603,602,creation_date,"Jun 23rd, 2020 9:16 am",2020-06-23 09:16:00,test,True
606,605,creation_date,"Jul 10th, 2020 2:55 pm",2020-07-10 14:55:00,test,True
615,614,creation_date,"Jul 10th, 2020 7:52 am",2020-07-10 07:52:00,test,True
621,620,creation_date,"Jul 10th, 2020 11:05 am",2020-07-10 11:05:00,test,True
631,630,creation_date,"Jul 10th, 2020 8:26 am",2020-07-10 08:26:00,test,True
634,633,creation_date,"Jun 22nd, 2020 4:16 pm",2020-06-22 16:16:00,test,True
637,636,creation_date,"Jul 9th, 2020 1:40 pm",2020-07-09 13:40:00,test,True
639,638,creation_date,"Jun 25th, 2020 9:13 am",2020-06-25 09:13:00,test,True
643,642,creation_date,"Jul 9th, 2020 8:59 am",2020-07-09 08:59:00,test,True
650,649,creation_date,"Jul 9th, 2020 4:42 pm",2020-07-09 16:42:00,test,True
654,653,creation_date,"Jul 4th, 2020 8:53 pm",2020-07-04 20:53:00,test,True
656,655,creation_date,"Jul 9th, 2020 4:55 pm",2020-07-09 16:55:00,test,True
658,657,creation_date,"Jul 9th, 2020 10:42 am",2020-07-09 10:42:00,test,True
663,662,creation_date,"Jul 9th, 2020 8:38 am",2020-07-09 08:38:00,test,True
666,665,creation_date,"Jul 8th, 2020 12:45 pm",2020-07-08 12:45:00,test,True
669,668,creation_date,"Jul 8th, 2020 6:08 am",2020-07-08 06:08:00,test,True
670,669,creation_date,"Jul 7th, 2020 9:07 pm",2020-07-07 21:07:00,test,True
671,670,creation_date,"Jun 15th, 2020 12:12 pm",2020-06-15 12:12:00,test,True
672,671,creation_date,"Jul 7th, 2020 2:55 pm",2020-07-07 14:55:00,test,True
673,672,creation_date,"Jul 7th, 2020 12:31 am",2020-07-07 00:31:00,test,True
676,675,creation_date,"Jul 9th, 2020 5:00 am",2020-07-09 05:00:00,test,True
677,676,creation_date,"May 17th, 2020 5:18 pm",2020-05-17 17:18:00,test,True
678,677,creation_date,"Jul 8th, 2020 2:19 pm",2020-07-08 14:19:00,test,True
679,678,creation_date,"Jul 9th, 2020 10:11 am",2020-07-09 10:11:00,test,True
684,683,creation_date,"Jun 27th, 2020 8:43 am",2020-06-27 08:43:00,test,True
686,685,creation_date,"Jul 2nd, 2020 11:16 am",2020-07-02 11:16:00,test,True
687,686,creation_date,"Jun 17th, 2020 11:43 am",2020-06-17 11:43:00,test,True
689,688,creation_date,"Feb 3rd, 2020 11:10 am",2020-02-03 11:10:00,test,True
690,689,creation_date,"Jul 8th, 2020 10:36 am",2020-07-08 10:36:00,test,True
693,692,creation_date,"Jul 8th, 2020 4:45 pm",2020-07-08 16:45:00,test,True
694,693,creation_date,"Jul 8th, 2020 3:01 am",2020-07-08 03:01:00,test,True
695,694,creation_date,"Jul 7th, 2020 9:57 pm",2020-07-07 21:57:00,test,True
700,699,creation_date,"Jun 29th, 2020 12:54 pm",2020-06-29 12:54:00,test,True
712,711,creation_date,"Jul 6th, 2020 8:28 am",2020-07-06 08:28:00,test,True
714,713,creation_date,"Jul 7th, 2020 11:01 pm",2020-07-07 23:01:00,test,True
715,714,creation_date,"Jul 6th, 2020 9:32 pm",2020-07-06 21:32:00,test,True
716,715,creation_date,"Jul 7th, 2020 9:07 pm",2020-07-07 21:07:00,test,True
717,716,creation_date,"Jul 8th, 2020 12:15 pm",2020-07-08 12:15:00,test,True
718,717,creation_date,"Jun 19th, 2020 12:01 pm",2020-06-19 12:01:00,test,True
722,721,creation_date,"Jun 22nd, 2020 1:21 pm",2020-06-22 13:21:00,test,True
728,727,creation_date,"Jul 7th, 2020 4:39 pm",2020-07-07 16:39:00,test,True
729,728,creation_date,"Jun 11th, 2020 3:04 am",2020-06-11 03:04:00,test,True
730,729,creation_date,"Jun 27th, 2020 12:15 pm",2020-06-27 12:15:00,test,True
733,732,creation_date,"Jul 1st, 2020 7:23 am",2020-07-01 07:23:00,test,True
740,739,creation_date,"Jul 5th, 2020 7:32 pm",2020-07-05 19:32:00,test,True
750,749,creation_date,"Jul 3rd, 2020 1:32 pm",2020-07-03 13:32:00,test,True
756,755,creation_date,"Jul 7th, 2020 11:53 am",2020-07-07 11:53:00,test,True
757,756,creation_date,"Jul 7th, 2020 11:06 am",2020-07-07 11:06:00,test,True
760,759,creation_date,"Jul 4th, 2020 6:13 pm",2020-07-04 18:13:00,test,True
765,764,creation_date,"Jul 3rd, 2020 10:24 pm",2020-07-03 22:24:00,test,True
771,770,creation_date,"Jul 6th, 2020 3:40 pm",2020-07-06 15:40:00,test,True
773,772,creation_date,"Jul 6th, 2020 11:45 am",2020-07-06 11:45:00,test,True
778,777,creation_date,"Jul 7th, 2020 8:48 am",2020-07-07 08:48:00,test,True
779,778,creation_date,"Jul 7th, 2020 8:24 am",2020-07-07 08:24:00,test,True
780,779,creation_date,"Jul 5th, 2020 12:10 pm",2020-07-05 12:10:00,test,True
782,781,creation_date,"Jun 12th, 2020 1:03 am",2020-06-12 01:03:00,test,True
789,788,creation_date,"Jul 6th, 2020 3:18 pm",2020-07-06 15:18:00,test,True
794,793,creation_date,"Jul 5th, 2020 8:24 pm",2020-07-05 20:24:00,test,True
797,796,creation_date,"Jul 6th, 2020 9:23 am",2020-07-06 09:23:00,test,True
800,799,creation_date,"Jul 6th, 2020 2:20 pm",2020-07-06 14:20:00,test,True
804,803,creation_date,"Jul 5th, 2020 3:11 pm",2020-07-05 15:11:00,test,True
806,805,creation_date,"May 23rd, 2020 12:26 pm",2020-05-23 12:26:00,test,True
807,806,creation_date,"Jul 6th, 2020 11:18 am",2020-07-06 11:18:00,test,True
810,809,creation_date,"Jul 6th, 2020 1:29 pm",2020-07-06 13:29:00,test,True
813,812,creation_date,"Jul 6th, 2020 11:48 am",2020-07-06 11:48:00,test,True
815,814,creation_date,"Apr 21st, 2020 7:01 pm",2020-04-21 19:01:00,test,True
817,816,creation_date,"Jul 6th, 2020 2:11 pm",2020-07-06 14:11:00,test,True
821,820,creation_date,"May 6th, 2020 6:00 pm",2020-05-06 18:00:00,test,True
822,821,creation_date,"Jul 6th, 2020 11:55 am",2020-07-06 11:55:00,test,True
823,822,creation_date,"Jul 4th, 2020 11:53 am",2020-07-04 11:53:00,test,True
825,824,creation_date,"Jul 6th, 2020 6:39 am",2020-07-06 06:39:00,test,True
826,825,creation_date,"Jun 25th, 2020 9:18 pm",2020-06-25 21:18:00,test,True
828,827,creation_date,"Jul 4th, 2020 3:13 pm",2020-07-04 15:13:00,test,True
830,829,creation_date,"Jul 5th, 2020 8:18 am",2020-07-05 08:18:00,test,True
831,830,creation_date,"Jul 5th, 2020 12:24 pm",2020-07-05 12:24:00,test,True
835,834,creation_date,"Jul 5th, 2020 12:30 pm",2020-07-05 12:30:00,test,True
836,835,creation_date,"Jul 3rd, 2020 2:02 am",2020-07-03 02:02:00,test,True
841,840,creation_date,"Jun 28th, 2020 6:01 am",2020-06-28 06:01:00,test,True
846,845,creation_date,"Apr 22nd, 2020 6:43 pm",2020-04-22 18:43:00,test,True
848,847,creation_date,"Jul 5th, 2020 6:05 pm",2020-07-05 18:05:00,test,True
850,849,creation_date,"Jul 5th, 2020 8:51 pm",2020-07-05 20:51:00,test,True
852,851,creation_date,"Jul 5th, 2020 2:35 pm",2020-07-05 14:35:00,test,True
853,852,creation_date,"Jun 12th, 2020 12:57 pm",2020-06-12 12:57:00,test,True
855,854,creation_date,"Jul 4th, 2020 9:03 pm",2020-07-04 21:03:00,test,True
858,857,creation_date,"Jul 5th, 2020 3:49 pm",2020-07-05 15:49:00,test,True
860,859,creation_date,"Jun 29th, 2020 10:49 am",2020-06-29 10:49:00,test,True
861,860,creation_date,"Jun 30th, 2020 7:14 pm",2020-06-30 19:14:00,test,True
862,861,creation_date,"Jul 5th, 2020 3:30 pm",2020-07-05 15:30:00,test,True
864,863,creation_date,"Jun 21st, 2020 4:42 am",2020-06-21 04:42:00,test,True
866,865,creation_date,"Jul 5th, 2020 12:42 am",2020-07-05 00:42:00,test,True
868,867,creation_date,"Jun 29th, 2020 10:07 am",2020-06-29 10:07:00,test,True
871,870,creation_date,"Jul 5th, 2020 11:25 am",2020-07-05 11:25:00,test,True
884,883,creation_date,"Jul 1st, 2020 12:42 am",2020-07-01 00:42:00,test,True
885,884,creation_date,"Jun 26th, 2020 10:03 am",2020-06-26 10:03:00,test,True
887,886,creation_date,"Jun 24th, 2020 10:31 am",2020-06-24 10:31:00,test,True
891,890,creation_date,"Mar 29th, 2020 6:28 am",2020-03-29 06:28:00,test,True
894,893,creation_date,"Jun 18th, 2020 4:35 pm",2020-06-18 16:35:00,test,True
897,896,creation_date,"Jul 3rd, 2020 6:25 pm",2020-07-03 18:25:00,test,True
901,900,creation_date,"Jul 1st, 2020 8:21 am",2020-07-01 08:21:00,test,True
902,901,creation_date,"Jun 17th, 2020 10:11 am",2020-06-17 10:11:00,test,True
907,906,creation_date,"Jul 1st, 2020 10:58 pm",2020-07-01 22:58:00,test,True
908,907,creation_date,"Jul 1st, 2020 7:46 am",2020-07-01 07:46:00,test,True
909,908,creation_date,"May 20th, 2020 6:24 pm",2020-05-20 18:24:00,test,True
911,910,creation_date,"Jun 22nd, 2020 2:41 pm",2020-06-22 14:41:00,test,True
913,912,creation_date,"Apr 10th, 2020 6:39 pm",2020-04-10 18:39:00,test,True
914,913,creation_date,"Jun 17th, 2020 5:18 pm",2020-06-17 17:18:00,test,True
922,921,creation_date,"Jun 29th, 2020 3:29 pm",2020-06-29 15:29:00,test,True
927,926,creation_date,"Jul 3rd, 2020 11:25 am",2020-07-03 11:25:00,test,True
930,929,creation_date,"Jul 3rd, 2020 5:29 pm",2020-07-03 17:29:00,test,True
935,934,creation_date,"May 14th, 2020 9:47 pm",2020-05-14 21:47:00,test,True
946,945,creation_date,"Jul 3rd, 2020 9:40 am",2020-07-03 09:40:00,test,True
953,952,creation_date,"Jun 25th, 2020 12:22 am",2020-06-25 00:22:00,test,True
960,959,creation_date,"Jul 3rd, 2020 5:18 am",2020-07-03 05:18:00,test,True
961,960,creation_date,"Jun 23rd, 2020 11:11 am",2020-06-23 11:11:00,test,True
962,961,creation_date,"Jun 29th, 2020 1:32 am",2020-06-29 01:32:00,test,True
975,974,creation_date,"Jun 19th, 2020 1:50 pm",2020-06-19 13:50:00,test,True
984,983,creation_date,"Jun 15th, 2020 7:35 pm",2020-06-15 19:35:00,test,True
987,986,creation_date,"Jul 1st, 2020 11:36 am",2020-07-01 11:36:00,test,True
988,987,creation_date,"Jul 1st, 2020 8:38 am",2020-07-01 08:38:00,test,True
989,988,creation_date,"Jul 1st, 2020 11:16 am",2020-07-01 11:16:00,test,True
990,989,creation_date,"Jun 8th, 2020 8:34 am",2020-06-08 08:34:00,test,True
992,991,creation_date,"Jul 2nd, 2020 12:11 pm",2020-07-02 12:11:00,test,True
993,992,creation_date,"Jun 11th, 2020 12:26 pm",2020-06-11 12:26:00,test,True
994,993,creation_date,"Jun 14th, 2020 6:36 pm",2020-06-14 18:36:00,test,True
1005,1004,creation_date,"Jul 1st, 2020 11:43 am",2020-07-01 11:43:00,test,True
1008,1007,creation_date,"Jul 1st, 2020 7:36 pm",2020-07-01 19:36:00,test,True
1013,1012,creation_date,"Jun 15th, 2020 12:41 pm",2020-06-15 12:41:00,test,True
1014,1013,creation_date,"Jun 25th, 2020 12:33 pm",2020-06-25 12:33:00,test,True
1015,1014,creation_date,"Jul 1st, 2020 3:22 pm",2020-07-01 15:22:00,test,True
1018,1017,creation_date,"Jul 1st, 2020 12:42 pm",2020-07-01 12:42:00,test,True
1025,1024,creation_date,"Jun 26th, 2020 5:07 pm",2020-06-26 17:07:00,test,True
1028,1027,creation_date,"Jul 1st, 2020 1:11 pm",2020-07-01 13:11:00,test,True
1034,1033,creation_date,"Jul 1st, 2020 11:18 am",2020-07-01 11:18:00,test,True
1035,1034,creation_date,"Jun 30th, 2020 11:53 am",2020-06-30 11:53:00,test,True
1043,1042,creation_date,"Jun 30th, 2020 7:40 pm",2020-06-30 19:40:00,test,True
1045,1044,creation_date,"Jul 1st, 2020 7:26 am",2020-07-01 07:26:00,test,True
1047,1046,creation_date,"Jun 30th, 2020 7:15 pm",2020-06-30 19:15:00,test,True
1049,1048,creation_date,"Jun 30th, 2020 7:55 pm",2020-06-30 19:55:00,test,True
1050,1049,creation_date,"Jul 1st, 2020 2:59 am",2020-07-01 02:59:00,test,True
1052,1051,creation_date,"Jun 27th, 2020 11:06 am",2020-06-27 11:06:00,test,True
1053,1052,creation_date,"Jun 23rd, 2020 5:59 pm",2020-06-23 17:59:00,test,True
1054,1053,creation_date,"Jun 29th, 2020 3:08 pm",2020-06-29 15:08:00,test,True
1058,1057,creation_date,"Jun 30th, 2020 1:29 am",2020-06-30 01:29:00,test,True
1061,1060,creation_date,"Jun 30th, 2020 4:45 pm",2020-06-30 16:45:00,test,True
1067,1066,creation_date,"Jun 30th, 2020 7:23 pm",2020-06-30 19:23:00,test,True
1071,1070,creation_date,"Jun 29th, 2020 1:27 pm",2020-06-29 13:27:00,test,True
1077,1076,creation_date,"Jun 30th, 2020 6:59 am",2020-06-30 06:59:00,test,True
1078,1077,creation_date,"May 4th, 2020 3:05 pm",2020-05-04 15:05:00,test,True
1084,1083,creation_date,"Jun 30th, 2020 3:08 pm",2020-06-30 15:08:00,test,True
1089,1088,creation_date,"Jun 30th, 2020 1:59 pm",2020-06-30 13:59:00,test,True
1092,1091,creation_date,"Jun 26th, 2020 10:46 am",2020-06-26 10:46:00,test,True
1093,1092,creation_date,"Jun 30th, 2020 2:11 am",2020-06-30 02:11:00,test,True
1094,1093,creation_date,"Jun 27th, 2020 4:59 pm",2020-06-27 16:59:00,test,True
1097,1096,creation_date,"Jun 24th, 2020 9:01 am",2020-06-24 09:01:00,test,True
1104,1103,creation_date,"Jun 30th, 2020 12:41 am",2020-06-30 00:41:00,test,True
1107,1106,creation_date,"Jun 30th, 2020 12:47 am",2020-06-30 00:47:00,test,True
1109,1108,creation_date,"Jun 25th, 2020 6:46 pm",2020-06-25 18:46:00,test,True
1110,1109,creation_date,"Jun 29th, 2020 10:58 am",2020-06-29 10:58:00,test,True
1114,1113,creation_date,"Jun 29th, 2020 9:46 pm",2020-06-29 21:46:00,test,True
1115,1114,creation_date,"Jun 24th, 2020 8:18 pm",2020-06-24 20:18:00,test,True
1118,1117,creation_date,"May 23rd, 2020 7:06 pm",2020-05-23 19:06:00,test,True
1119,1118,creation_date,"Jun 29th, 2020 7:36 pm",2020-06-29 19:36:00,test,True
1125,1124,creation_date,"Jun 18th, 2020 2:53 pm",2020-06-18 14:53:00,test,True
1128,1127,creation_date,"Jun 29th, 2020 3:08 pm",2020-06-29 15:08:00,test,True
1131,1130,creation_date,"Jun 7th, 2020 12:52 am",2020-06-07 00:52:00,test,True
1132,1131,creation_date,"Jun 23rd, 2020 9:25 am",2020-06-23 09:25:00,test,True
1134,1133,creation_date,"May 24th, 2020 10:43 pm",2020-05-24 22:43:00,test,True
1137,1136,creation_date,"Jun 28th, 2020 5:46 pm",2020-06-28 17:46:00,test,True
1139,1138,creation_date,"Jun 29th, 2020 9:43 am",2020-06-29 09:43:00,test,True
1142,1141,creation_date,"Jun 29th, 2020 7:32 am",2020-06-29 07:32:00,test,True
1145,1144,creation_date,"Jun 21st, 2020 11:40 pm",2020-06-21 23:40:00,test,True
1149,1148,creation_date,"Jun 4th, 2020 3:26 pm",2020-06-04 15:26:00,test,True
1150,1149,creation_date,"Jun 5th, 2020 4:41 pm",2020-06-05 16:41:00,test,True
1153,1152,creation_date,"Jun 27th, 2020 7:47 pm",2020-06-27 19:47:00,test,True
1156,1155,creation_date,"Jun 22nd, 2020 10:58 am",2020-06-22 10:58:00,test,True
1159,1158,creation_date,"Jun 28th, 2020 11:50 am",2020-06-28 11:50:00,test,True
1162,1161,creation_date,"Jun 26th, 2020 10:20 am",2020-06-26 10:20:00,test,True
1163,1162,creation_date,"Jun 28th, 2020 3:27 pm",2020-06-28 15:27:00,test,True
1164,1163,creation_date,"Jun 26th, 2020 11:45 am",2020-06-26 11:45:00,test,True
1169,1168,creation_date,"Jun 25th, 2020 9:28 am",2020-06-25 09:28:00,test,True
1172,1171,creation_date,"Jun 27th, 2020 9:55 am",2020-06-27 09:55:00,test,True
1179,1178,creation_date,"Jun 26th, 2020 1:09 pm",2020-06-26 13:09:00,test,True
1181,1180,creation_date,"Jun 28th, 2020 10:47 am",2020-06-28 10:47:00,test,True
1185,1184,creation_date,"Jun 27th, 2020 4:13 pm",2020-06-27 16:13:00,test,True
1187,1186,creation_date,"Jun 27th, 2020 4:42 pm",2020-06-27 16:42:00,test,True
1190,1189,creation_date,"Jun 27th, 2020 9:57 pm",2020-06-27 21:57:00,test,True
1195,1194,creation_date,"Jun 27th, 2020 8:12 pm",2020-06-27 20:12:00,test,True
1197,1196,creation_date,"Jun 27th, 2020 7:42 pm",2020-06-27 19:42:00,test,True
1198,1197,creation_date,"Jun 27th, 2020 7:02 pm",2020-06-27 19:02:00,test,True
1200,1199,creation_date,"Jun 27th, 2020 6:38 am",2020-06-27 06:38:00,test,True
1202,1201,creation_date,"Jun 27th, 2020 1:01 pm",2020-06-27 13:01:00,test,True
1204,1203,creation_date,"Jun 25th, 2020 3:21 pm",2020-06-25 15:21:00,test,True
1207,1206,creation_date,"Jun 27th, 2020 2:00 pm",2020-06-27 14:00:00,test,True
1208,1207,creation_date,"May 20th, 2020 4:27 am",2020-05-20 04:27:00,test,True
1212,1211,creation_date,"Jun 27th, 2020 12:18 pm",2020-06-27 12:18:00,test,True
1213,1212,creation_date,"Jun 26th, 2020 9:58 pm",2020-06-26 21:58:00,test,True
1215,1214,creation_date,"Jun 27th, 2020 10:01 am",2020-06-27 10:01:00,test,True
1216,1215,creation_date,"Jun 12th, 2020 8:21 pm",2020-06-12 20:21:00,test,True
1217,1216,creation_date,"Jun 25th, 2020 10:34 am",2020-06-25 10:34:00,test,True
1219,1218,creation_date,"Jun 26th, 2020 10:53 pm",2020-06-26 22:53:00,test,True
1220,1219,creation_date,"Jun 20th, 2020 2:55 am",2020-06-20 02:55:00,test,True
1221,1220,creation_date,"Jun 27th, 2020 1:02 am",2020-06-27 01:02:00,test,True
1226,1225,creation_date,"Jun 20th, 2020 3:14 pm",2020-06-20 15:14:00,test,True
1228,1227,creation_date,"Jun 26th, 2020 10:17 pm",2020-06-26 22:17:00,test,True
1229,1228,creation_date,"Jun 25th, 2020 9:54 pm",2020-06-25 21:54:00,test,True
1236,1235,creation_date,"Jun 26th, 2020 8:35 pm",2020-06-26 20:35:00,test,True
1243,1242,creation_date,"Jun 25th, 2020 12:05 pm",2020-06-25 12:05:00,test,True
1247,1246,creation_date,"Jun 23rd, 2020 9:46 am",2020-06-23 09:46:00,test,True
1248,1247,creation_date,"Jun 26th, 2020 10:03 am",2020-06-26 10:03:00,test,True
1249,1248,creation_date,"Jun 24th, 2020 4:33 pm",2020-06-24 16:33:00,test,True
1250,1249,creation_date,"Jun 26th, 2020 9:52 am",2020-06-26 09:52:00,test,True
1251,1250,creation_date,"Jun 26th, 2020 5:01 pm",2020-06-26 17:01:00,test,True
1252,1251,creation_date,"Jun 26th, 2020 4:47 pm",2020-06-26 16:47:00,test,True
1255,1254,creation_date,"Jun 26th, 2020 1:23 pm",2020-06-26 13:23:00,test,True
1257,1256,creation_date,"Jun 26th, 2020 10:17 am",2020-06-26 10:17:00,test,True
1259,1258,creation_date,"Jun 26th, 2020 1:53 pm",2020-06-26 13:53:00,test,True
1262,1261,creation_date,"Jun 25th, 2020 10:12 pm",2020-06-25 22:12:00,test,True
1266,1265,creation_date,"Jun 26th, 2020 2:22 pm",2020-06-26 14:22:00,test,True
1269,1268,creation_date,"Jun 21st, 2020 8:36 pm",2020-06-21 20:36:00,test,True
1271,1270,creation_date,"Jun 21st, 2020 5:03 am",2020-06-21 05:03:00,test,True
1272,1271,creation_date,"Jun 26th, 2020 1:04 pm",2020-06-26 13:04:00,test,True
1275,1274,creation_date,"Jun 11th, 2020 4:32 am",2020-06-11 04:32:00,test,True
1288,1287,creation_date,"Jun 26th, 2020 12:55 am",2020-06-26 00:55:00,test,True
1290,1289,creation_date,"Jun 24th, 2020 6:34 pm",2020-06-24 18:34:00,test,True
1293,1292,creation_date,"Jun 23rd, 2020 8:12 am",2020-06-23 08:12:00,test,True
1294,1293,creation_date,"Jun 4th, 2020 6:30 pm",2020-06-04 18:30:00,test,True
1296,1295,creation_date,"Jun 23rd, 2020 10:33 am",2020-06-23 10:33:00,test,True
1302,1301,creation_date,"Jun 23rd, 2020 4:23 pm",2020-06-23 16:23:00,test,True
1304,1303,creation_date,"Jun 25th, 2020 10:56 am",2020-06-25 10:56:00,test,True
1307,1306,creation_date,"Jun 25th, 2020 6:56 pm",2020-06-25 18:56:00,test,True
1309,1308,creation_date,"Jun 25th, 2020 9:57 am",2020-06-25 09:57:00,test,True
1314,1313,creation_date,"Jun 25th, 2020 12:38 am",2020-06-25 00:38:00,test,True
35,35,expiry,"July 22, 2020",2020-07-22 00:00:00,test,True
44,44,expiry,"August 16, 2020",2020-08-16 00:00:00,test,True
67,67,expiry,"September 30, 2020",2020-09-30 00:00:00,test,True
75,75,expiry,"July 31, 2020",2020-07-31 00:00:00,test,True
86,86,expiry,"August 1, 2020",2020-08-01 00:00:00,test,True
91,91,expiry,"July 22, 2020",2020-07-22 00:00:00,test,True
92,92,expiry,"July 31, 2020",2020-07-31 00:00:00,test,True
93,93,expiry,"July 19, 2020",2020-07-19 00:00:00,test,True
122,122,expiry,"July 31, 2020",2020-07-31 00:00:00,test,True
125,125,expiry,"July 18, 2020",2020-07-18 00:00:00,test,True
129,129,expiry,"July 12, 2020",2020-07-12 00:00:00,test,True
158,158,expiry,"July 17, 2020",2020-07-17 00:00:00,test,True
173,173,expiry,"July 16, 2020",2020-07-16 00:00:00,test,True
180,180,expiry,"July 22, 2020",2020-07-22 00:00:00,test,True
183,183,expiry,"August 30, 2020",2020-08-30 00:00:00,test,True
186,186,expiry,"July 7, 2020",2020-07-07 00:00:00,test,True
218,218,expiry,"July 16, 2020",2020-07-16 00:00:00,test,True
221,221,expiry,"August 1, 2020",2020-08-01 00:00:00,test,True
224,224,expiry,"July 20, 2020",2020-07-20 00:00:00,test,True
234,234,expiry,"July 16, 2020",2020-07-16 00:00:00,test,True
274,274,expiry,"November 30, 2020",2020-11-30 00:00:00,test,True
293,293,expiry,"August 9, 2020",2020-08-09 00:00:00,test,True
314,314,expiry,"July 21, 2020",2020-07-21 00:00:00,test,True
315,315,expiry,"January 1, 2021",2021-01-01 00:00:00,test,True
316,316,expiry,"July 13, 2020",2020-07-13 00:00:00,test,True
322,322,expiry,"July 15, 2020",2020-07-15 00:00:00,test,True
336,335,expiry,"September 30, 2020",2020-09-30 00:00:00,test,True
369,368,expiry,"July 15, 2020",2020-07-15 00:00:00,test,True
376,375,expiry,"August 31, 2020",2020-08-31 00:00:00,test,True
377,376,expiry,"October 31, 2020",2020-10-31 00:00:00,test,True
378,377,expiry,"July 13, 2020",2020-07-13 00:00:00,test,True
382,381,expiry,"July 15, 2020",2020-07-15 00:00:00,test,True
404,403,expiry,"July 2, 2020",2020-07-02 00:00:00,test,True
416,415,expiry,"August 27, 2020",2020-08-27 00:00:00,test,True
427,426,expiry,"July 16, 2020",2020-07-16 00:00:00,test,True
433,432,expiry,"July 19, 2020",2020-07-19 00:00:00,test,True
458,457,expiry,"July 2, 2020",2020-07-02 00:00:00,test,True
467,466,expiry,"May 27, 2020",2020-05-27 00:00:00,test,True
477,476,expiry,"July 2, 2020",2020-07-02 00:00:00,test,True
500,499,expiry,"July 12, 2020",2020-07-12 00:00:00,test,True
528,527,expiry,"July 15, 2020",2020-07-15 00:00:00,test,True
555,554,expiry,"July 12, 2020",2020-07-12 00:00:00,test,True
564,563,expiry,"July 5, 2020",2020-07-05 00:00:00,test,True
570,569,expiry,"July 16, 2020",2020-07-16 00:00:00,test,True
578,577,expiry,"July 15, 2020",2020-07-15 00:00:00,test,True
592,591,expiry,"August 31, 2020",2020-08-31 00:00:00,test,True
595,594,expiry,"July 16, 2020",2020-07-16 00:00:00,test,True
599,598,expiry,"July 16, 2020",2020-07-16 00:00:00,test,True
620,619,expiry,"July 16, 2020",2020-07-16 00:00:00,test,True
624,623,expiry,"June 28, 2020",2020-06-28 00:00:00,test,True
638,637,expiry,"July 10, 2020",2020-07-10 00:00:00,test,True
666,665,expiry,"July 14, 2020",2020-07-14 00:00:00,test,True
673,672,expiry,"July 9, 2020",2020-07-09 00:00:00,test,True
696,695,expiry,"July 12, 2020",2020-07-12 00:00:00,test,True
704,703,expiry,"July 14, 2020",2020-07-14 00:00:00,test,True
733,732,expiry,"July 7, 2020",2020-07-07 00:00:00,test,True
751,750,expiry,"July 7, 2020",2020-07-07 00:00:00,test,True
761,760,expiry,"June 24, 2020",2020-06-24 00:00:00,test,True
765,764,expiry,"July 9, 2020",2020-07-09 00:00:00,test,True
769,768,expiry,"July 8, 2020",2020-07-08 00:00:00,test,True
795,794,expiry,"July 5, 2020",2020-07-05 00:00:00,test,True
809,808,expiry,"July 19, 2020",2020-07-19 00:00:00,test,True
816,815,expiry,"July 17, 2020",2020-07-17 00:00:00,test,True
820,819,expiry,"July 31, 2020",2020-07-31 00:00:00,test,True
833,832,expiry,"July 5, 2020",2020-07-05 00:00:00,test,True
845,844,expiry,"July 8, 2020",2020-07-08 00:00:00,test,True
852,851,expiry,"July 6, 2020",2020-07-06 00:00:00,test,True
869,868,expiry,"July 5, 2020",2020-07-05 00:00:00,test,True
882,881,expiry,"July 8, 2020",2020-07-08 00:00:00,test,True
896,895,expiry,"July 9, 2020",2020-07-09 00:00:00,test,True
902,901,expiry,"June 30, 2020",2020-06-30 00:00:00,test,True
918,917,expiry,"July 2, 2020",2020-07-02 00:00:00,test,True
974,973,expiry,"July 2, 2020",2020-07-02 00:00:00,test,True
986,985,expiry,"July 31, 2020",2020-07-31 00:00:00,test,True
1001,1000,expiry,"July 2, 2020",2020-07-02 00:00:00,test,True
1008,1007,expiry,"July 31, 2020",2020-07-31 00:00:00,test,True
1012,1011,expiry,"July 1, 2020",2020-07-01 00:00:00,test,True
1021,1020,expiry,"July 1, 2020",2020-07-01 00:00:00,test,True
1037,1036,expiry,"July 2, 2020",2020-07-02 00:00:00,test,True
1060,1059,expiry,"June 25, 2020",2020-06-25 00:00:00,test,True
1072,1071,expiry,"June 30, 2020",2020-06-30 00:00:00,test,True
1076,1075,expiry,"July 1, 2020",2020-07-01 00:00:00,test,True
1078,1077,expiry,"June 30, 2020",2020-06-30 00:00:00,test,True
1083,1082,expiry,"July 2, 2020",2020-07-02 00:00:00,test,True
1089,1088,expiry,"July 1, 2020",2020-07-01 00:00:00,test,True
1098,1097,expiry,"July 31, 2020",2020-07-31 00:00:00,test,True
1101,1100,expiry,"June 30, 2020",2020-06-30 00:00:00,test,True
1104,1103,expiry,"July 5, 2020",2020-07-05 00:00:00,test,True
1114,1113,expiry,"June 30, 2020",2020-06-30 00:00:00,test,True
1119,1118,expiry,"July 13, 2020",2020-07-13 00:00:00,test,True
1131,1130,expiry,"June 12, 2020",2020-06-12 00:00:00,test,True
1138,1137,expiry,"July 1, 2020",2020-07-01 00:00:00,test,True
1143,1142,expiry,"June 30, 2020",2020-06-30 00:00:00,test,True
1148,1147,expiry,"June 28, 2020",2020-06-28 00:00:00,test,True
1166,1165,expiry,"July 4, 2020",2020-07-04 00:00:00,test,True
1168,1167,expiry,"July 2, 2020",2020-07-02 00:00:00,test,True
1174,1173,expiry,"July 26, 2020",2020-07-26 00:00:00,test,True
1195,1194,expiry,"June 29, 2020",2020-06-29 00:00:00,test,True
1219,1218,expiry,"July 2, 2020",2020-07-02 00:00:00,test,True
1232,1231,expiry,"June 30, 2020",2020-06-30 00:00:00,test,True
1237,1236,expiry,"June 28, 2020",2020-06-28 00:00:00,test,True
1245,1244,expiry,"June 29, 2020",2020-06-29 00:00:00,test,True
1250,1249,expiry,"July 2, 2020",2020-07-02 00:00:00,test,True
1273,1272,expiry,"June 28, 2020",2020-06-28 00:00:00,test,True
1290,1289,expiry,"June 25, 2020",2020-06-25 00:00:00,test,True
1299,1298,expiry,"June 28, 2020",2020-06-28 00:00:00,test,True
1305,1304,expiry,"June 15, 2020",2020-06-15 00:00:00,test,True
1323,1322,expiry,"September 1, 2020",2020-09-01 00:00:00,test,True
1324,1323,expiry,"May 3, 2020",2020-05-03 00:00:00,test,True
1,1,last_reply,"Jul 17th, 2020 9:18 am",2020-07-17 09:18:00,test,True
2,2,last_reply,"Jul 17th, 2020 9:17 am",2020-07-17 09:17:00,test,True
6,6,last_reply,"Jul 17th, 2020 9:14 am",2020-07-17 09:14:00,test,True
8,8,last_reply,"Jul 17th, 2020 9:13 am",2020-07-17 09:13:00,test,True
10,10,last_reply,"Jul 17th, 2020 9:12 am",2020-07-17 09:12:00,test,True
11,11,last_reply,"Jul 17th, 2020 9:12 am",2020-07-17 09:12:00,test,True
13,13,last_reply,"Jul 17th, 2020 9:11 am",2020-07-17 09:11:00,test,True
18,18,last_reply,"Jul 17th, 2020 9:05 am",2020-07-17 09:05:00,test,True
20,20,last_reply,"Jul 17th, 2020 8:59 am",2020-07-17 08:59:00,test,True
21,21,last_reply,"Jul 17th, 2020 8:55 am",2020-07-17 08:55:00,test,True
26,26,last_reply,"Jul 17th, 2020 8:43 am",2020-07-17 08:43:00,test,True
35,35,last_reply,"Jul 17th, 2020 8:34 am",2020-07-17 08:34:00,test,True
42,42,last_reply,"Jul 17th, 2020 8:28 am",2020-07-17 08:28:00,test,True
50,50,last_reply,"Jul 17th, 2020 7:48 am",2020-07-17 07:48:00,test,True
60,60,last_reply,"Jul 17th, 2020 5:31 am",2020-07-17 05:31:00,test,True
74,74,last_reply,"Jul 17th, 2020 2:08 am",2020-07-17 02:08:00,test,True
75,75,last_reply,"Jul 17th, 2020 2:06 am",2020-07-17 02:06:00,test,True
81,81,last_reply,"Jul 17th, 2020 1:12 am",2020-07-17 01:12:00,test,True
85,85,last_reply,"Jul 17th, 2020 12:26 am",2020-07-17 00:26:00,test,True
97,97,last_reply,"Jul 16th, 2020 11:26 pm",2020-07-16 23:26:00,test,True
98,98,last_reply,"Jul 16th, 2020 11:23 pm",2020-07-16 23:23:00,test,True
99,99,last_reply,"Jul 16th, 2020 11:15 pm",2020-07-16 23:15:00,test,True
100,100,last_reply,"Jul 16th, 2020 11:13 pm",2020-07-16 23:13:00,test,True
103,103,last_reply,"Jul 16th, 2020 10:56 pm",2020-07-16 22:56:00,test,True
105,105,last_reply,"Jul 16th, 2020 10:48 pm",2020-07-16 22:48:00,test,True
106,106,last_reply,"Jul 16th, 2020 10:47 pm",2020-07-16 22:47:00,test,True
113,113,last_reply,"Jul 16th, 2020 10:06 pm",2020-07-16 22:06:00,test,True
115,115,last_reply,"Jul 16th, 2020 10:00 pm",2020-07-16 22:00:00,test,True
123,123,last_reply,"Jul 16th, 2020 9:24 pm",2020-07-16 21:24:00,test,True
128,128,last_reply,"Jul 16th, 2020 8:46 pm",2020-07-16 20:46:00,test,True
131,131,last_reply,"Jul 16th, 2020 8:33 pm",2020-07-16 20:33:00,test,True
133,133,last_reply,"Jul 16th, 2020 8:03 pm",2020-07-16 20:03:00,test,True
134,134,last_reply,"Jul 17th, 2020 9:13 am",2020-07-17 09:13:00,test,True
136,136,last_reply,"Jul 16th, 2020 7:53 pm",2020-07-16 19:53:00,test,True
139,139,last_reply,"Jul 16th, 2020 7:46 pm",2020-07-16 19:46:00,test,True
141,141,last_reply,"Jul 16th, 2020 7:38 pm",2020-07-16 19:38:00,test,True
143,143,last_reply,"Jul 16th, 2020 7:29 pm",2020-07-16 19:29:00,test,True
146,146,last_reply,"Jul 16th, 2020 7:23 pm",2020-07-16 19:23:00,test,True
147,147,last_reply,"Jul 16th, 2020 7:21 pm",2020-07-16 19:21:00,test,True
150,150,last_reply,"Jul 16th, 2020 6:59 pm",2020-07-16 18:59:00,test,True
158,158,last_reply,"Jul 16th, 2020 6:24 pm",2020-07-16 18:24:00,test,True
160,160,last_reply,"Jul 16th, 2020 5:59 pm",2020-07-16 17:59:00,test,True
161,161,last_reply,"Jul 16th, 2020 5:55 pm",2020-07-16 17:55:00,test,True
168,168,last_reply,"Jul 16th, 2020 5:29 pm",2020-07-16 17:29:00,test,True
169,169,last_reply,"Jul 16th, 2020 5:26 pm",2020-07-16 17:26:00,test,True
171,171,last_reply,"Jul 16th, 2020 5:11 pm",2020-07-16 17:11:00,test,True
173,173,last_reply,"Jul 16th, 2020 5:02 pm",2020-07-16 17:02:00,test,True
176,176,last_reply,"Jul 16th, 2020 4:45 pm",2020-07-16 16:45:00,test,True
184,184,last_reply,"Jul 16th, 2020 4:21 pm",2020-07-16 16:21:00,test,True
185,185,last_reply,"Jul 16th, 2020 7:37 pm",2020-07-16 19:37:00,test,True
205,205,last_reply,"Jul 16th, 2020 2:10 pm",2020-07-16 14:10:00,test,True
215,215,last_reply,"Jul 16th, 2020 1:23 pm",2020-07-16 13:23:00,test,True
219,219,last_reply,"Jul 16th, 2020 1:05 pm",2020-07-16 13:05:00,test,True
220,220,last_reply,"Jul 16th, 2020 1:05 pm",2020-07-16 13:05:00,test,True
227,227,last_reply,"Jul 16th, 2020 12:28 pm",2020-07-16 12:28:00,test,True
229,229,last_reply,"Jul 16th, 2020 12:20 pm",2020-07-16 12:20:00,test,True
235,235,last_reply,"Jul 17th, 2020 9:20 am",2020-07-17 09:20:00,test,True
240,240,last_reply,"Jul 16th, 2020 10:01 am",2020-07-16 10:01:00,test,True
244,244,last_reply,"Jul 16th, 2020 9:47 am",2020-07-16 09:47:00,test,True
246,246,last_reply,"Jul 16th, 2020 9:32 am",2020-07-16 09:32:00,test,True
248,248,last_reply,"Jul 16th, 2020 9:03 am",2020-07-16 09:03:00,test,True
254,254,last_reply,"Jul 16th, 2020 11:33 am",2020-07-16 11:33:00,test,True
265,265,last_reply,"Jul 16th, 2020 1:20 am",2020-07-16 01:20:00,test,True
274,274,last_reply,"Jul 15th, 2020 11:48 pm",2020-07-15 23:48:00,test,True
284,284,last_reply,"Jul 15th, 2020 9:25 pm",2020-07-15 21:25:00,test,True
290,290,last_reply,"Jul 15th, 2020 7:26 pm",2020-07-15 19:26:00,test,True
293,293,last_reply,"Jul 15th, 2020 6:01 pm",2020-07-15 18:01:00,test,True
297,297,last_reply,"Jul 15th, 2020 4:51 pm",2020-07-15 16:51:00,test,True
299,299,last_reply,"Jul 15th, 2020 4:18 pm",2020-07-15 16:18:00,test,True
302,302,last_reply,"Jul 15th, 2020 3:53 pm",2020-07-15 15:53:00,test,True
305,305,last_reply,"Jul 15th, 2020 3:18 pm",2020-07-15 15:18:00,test,True
310,310,last_reply,"Jul 15th, 2020 1:56 pm",2020-07-15 13:56:00,test,True
311,311,last_reply,"Jul 15th, 2020 1:36 pm",2020-07-15 13:36:00,test,True
314,314,last_reply,"Jul 15th, 2020 1:00 pm",2020-07-15 13:00:00,test,True
316,316,last_reply,"Jul 15th, 2020 12:50 pm",2020-07-15 12:50:00,test,True
318,318,last_reply,"Jul 15th, 2020 12:38 pm",2020-07-15 12:38:00,test,True
323,323,last_reply,"Jul 15th, 2020 10:49 am",2020-07-15 10:49:00,test,True
324,324,last_reply,"Jul 15th, 2020 10:35 am",2020-07-15 10:35:00,test,True
326,326,last_reply,"Jul 15th, 2020 10:10 am",2020-07-15 10:10:00,test,True
327,327,last_reply,"Jul 15th, 2020 10:05 am",2020-07-15 10:05:00,test,True
329,328,last_reply,"Jul 15th, 2020 7:47 am",2020-07-15 07:47:00,test,True
331,330,last_reply,"Jul 15th, 2020 4:24 am",2020-07-15 04:24:00,test,True
332,331,last_reply,"Jul 15th, 2020 1:29 am",2020-07-15 01:29:00,test,True
333,332,last_reply,"Jul 15th, 2020 1:00 am",2020-07-15 01:00:00,test,True
335,334,last_reply,"Jul 15th, 2020 12:27 am",2020-07-15 00:27:00,test,True
336,335,last_reply,"Jul 15th, 2020 12:18 am",2020-07-15 00:18:00,test,True
337,336,last_reply,"Jul 14th, 2020 11:48 pm",2020-07-14 23:48:00,test,True
341,340,last_reply,"Jul 14th, 2020 10:53 pm",2020-07-14 22:53:00,test,True
342,341,last_reply,"Jul 14th, 2020 10:39 pm",2020-07-14 22:39:00,test,True
348,347,last_reply,"Jul 14th, 2020 10:16 pm",2020-07-14 22:16:00,test,True
350,349,last_reply,"Jul 14th, 2020 9:51 pm",2020-07-14 21:51:00,test,True
352,351,last_reply,"Jul 14th, 2020 9:38 pm",2020-07-14 21:38:00,test,True
355,354,last_reply,"Jul 14th, 2020 9:05 pm",2020-07-14 21:05:00,test,True
358,357,last_reply,"Jul 14th, 2020 8:13 pm",2020-07-14 20:13:00,test,True
359,358,last_reply,"Jul 14th, 2020 8:08 pm",2020-07-14 20:08:00,test,True
360,359,last_reply,"Jul 14th, 2020 8:00 pm",2020-07-14 20:00:00,test,True
362,361,last_reply,"Jul 14th, 2020 7:51 pm",2020-07-14 19:51:00,test,True
367,366,last_reply,"Jul 14th, 2020 6:39 pm",2020-07-14 18:39:00,test,True
368,367,last_reply,"Jul 14th, 2020 6:34 pm",2020-07-14 18:34:00,test,True
369,368,last_reply,"Jul 14th, 2020 6:29 pm",2020-07-14 18:29:00,test,True
373,372,last_reply,"Jul 14th, 2020 5:27 pm",2020-07-14 17:27:00,test,True
377,376,last_reply,"Jul 14th, 2020 4:08 pm",2020-07-14 16:08:00,test,True
385,384,last_reply,"Jul 14th, 2020 1:43 pm",2020-07-14 13:43:00,test,True
388,387,last_reply,"Jul 14th, 2020 12:54 pm",2020-07-14 12:54:00,test,True
389,388,last_reply,"Jul 14th, 2020 12:50 pm",2020-07-14 12:50:00,test,True
397,396,last_reply,"Jul 14th, 2020 11:53 am",2020-07-14 11:53:00,test,True
399,398,last_reply,"Jul 14th, 2020 10:30 am",2020-07-14 10:30:00,test,True
402,401,last_reply,"Jul 14th, 2020 9:28 am",2020-07-14 09:28:00,test,True
405,404,last_reply,"Jul 14th, 2020 8:38 am",2020-07-14 08:38:00,test,True
407,406,last_reply,"Jul 14th, 2020 4:09 am",2020-07-14 04:09:00,test,True
408,407,last_reply,"Jul 14th, 2020 3:11 am",2020-07-14 03:11:00,test,True
410,409,last_reply,"Jul 14th, 2020 1:52 am",2020-07-14 01:52:00,test,True
411,410,last_reply,"Jul 14th, 2020 1:40 am",2020-07-14 01:40:00,test,True
421,420,last_reply,"Jul 13th, 2020 10:25 pm",2020-07-13 22:25:00,test,True
423,422,last_reply,"Jul 13th, 2020 10:03 pm",2020-07-13 22:03:00,test,True
425,424,last_reply,"Jul 13th, 2020 9:16 pm",2020-07-13 21:16:00,test,True
427,426,last_reply,"Jul 13th, 2020 9:02 pm",2020-07-13 21:02:00,test,True
430,429,last_reply,"Jul 13th, 2020 7:07 pm",2020-07-13 19:07:00,test,True
433,432,last_reply,"Jul 13th, 2020 6:51 pm",2020-07-13 18:51:00,test,True
436,435,last_reply,"Jul 13th, 2020 6:18 pm",2020-07-13 18:18:00,test,True
443,442,last_reply,"Jul 13th, 2020 5:07 pm",2020-07-13 17:07:00,test,True
446,445,last_reply,"Jul 13th, 2020 4:14 pm",2020-07-13 16:14:00,test,True
453,452,last_reply,"Jul 13th, 2020 2:13 pm",2020-07-13 14:13:00,test,True
454,453,last_reply,"Jul 13th, 2020 1:57 pm",2020-07-13 13:57:00,test,True
456,455,last_reply,"Jul 13th, 2020 1:27 pm",2020-07-13 13:27:00,test,True
471,470,last_reply,"Jul 13th, 2020 9:04 am",2020-07-13 09:04:00,test,True
476,475,last_reply,"Jul 13th, 2020 3:33 am",2020-07-13 03:33:00,test,True
480,479,last_reply,"Jul 13th, 2020 12:21 am",2020-07-13 00:21:00,test,True
481,480,last_reply,"Jul 13th, 2020 12:06 am",2020-07-13 00:06:00,test,True
485,484,last_reply,"Jul 12th, 2020 11:09 pm",2020-07-12 23:09:00,test,True
486,485,last_reply,"Jul 12th, 2020 11:01 pm",2020-07-12 23:01:00,test,True
496,495,last_reply,"Jul 12th, 2020 7:43 pm",2020-07-12 19:43:00,test,True
499,498,last_reply,"Jul 12th, 2020 6:45 pm",2020-07-12 18:45:00,test,True
504,503,last_reply,"Jul 12th, 2020 5:41 pm",2020-07-12 17:41:00,test,True
508,507,last_reply,"Jul 12th, 2020 3:13 pm",2020-07-12 15:13:00,test,True
511,510,last_reply,"Jul 12th, 2020 2:18 pm",2020-07-12 14:18:00,test,True
515,514,last_reply,"Jul 12th, 2020 11:59 am",2020-07-12 11:59:00,test,True
516,515,last_reply,"Jul 12th, 2020 11:38 am",2020-07-12 11:38:00,test,True
518,517,last_reply,"Jul 12th, 2020 11:31 am",2020-07-12 11:31:00,test,True
520,519,last_reply,"Jul 12th, 2020 11:06 am",2020-07-12 11:06:00,test,True
521,520,last_reply,"Jul 12th, 2020 11:01 am",2020-07-12 11:01:00,test,True
523,522,last_reply,"Jul 12th, 2020 10:55 am",2020-07-12 10:55:00,test,True
524,523,last_reply,"Jul 12th, 2020 10:28 am",2020-07-12 10:28:00,test,True
527,526,last_reply,"Jul 12th, 2020 8:56 am",2020-07-12 08:56:00,test,True
530,529,last_reply,"Jul 12th, 2020 12:10 am",2020-07-12 00:10:00,test,True
537,536,last_reply,"Jul 11th, 2020 9:19 pm",2020-07-11 21:19:00,test,True
541,540,last_reply,"Jul 11th, 2020 8:33 pm",2020-07-11 20:33:00,test,True
543,542,last_reply,"Jul 11th, 2020 8:20 pm",2020-07-11 20:20:00,test,True
544,543,last_reply,"Jul 11th, 2020 8:12 pm",2020-07-11 20:12:00,test,True
545,544,last_reply,"Jul 11th, 2020 8:08 pm",2020-07-11 20:08:00,test,True
548,547,last_reply,"Jul 11th, 2020 6:46 pm",2020-07-11 18:46:00,test,True
549,548,last_reply,"Jul 11th, 2020 6:31 pm",2020-07-11 18:31:00,test,True
554,553,last_reply,"Jul 11th, 2020 4:07 pm",2020-07-11 16:07:00,test,True
555,554,last_reply,"Jul 11th, 2020 4:03 pm",2020-07-11 16:03:00,test,True
558,557,last_reply,"Jul 11th, 2020 3:16 pm",2020-07-11 15:16:00,test,True
560,559,last_reply,"Jul 11th, 2020 2:49 pm",2020-07-11 14:49:00,test,True
567,566,last_reply,"Jul 11th, 2020 1:24 pm",2020-07-11 13:24:00,test,True
577,576,last_reply,"Jul 11th, 2020 10:37 am",2020-07-11 10:37:00,test,True
581,580,last_reply,"Jul 11th, 2020 6:56 am",2020-07-11 06:56:00,test,True
592,591,last_reply,"Jul 10th, 2020 10:54 pm",2020-07-10 22:54:00,test,True
598,597,last_reply,"Jul 10th, 2020 7:50 pm",2020-07-10 19:50:00,test,True
603,602,last_reply,"Jul 10th, 2020 5:57 pm",2020-07-10 17:57:00,test,True
604,603,last_reply,"Jul 10th, 2020 5:50 pm",2020-07-10 17:50:00,test,True
606,605,last_reply,"Jul 10th, 2020 5:39 pm",2020-07-10 17:39:00,test,True
612,611,last_reply,"Jul 10th, 2020 4:15 pm",2020-07-10 16:15:00,test,True
613,612,last_reply,"Jul 10th, 2020 3:42 pm",2020-07-10 15:42:00,test,True
616,615,last_reply,"Jul 10th, 2020 3:30 pm",2020-07-10 15:30:00,test,True
617,616,last_reply,"Jul 10th, 2020 3:09 pm",2020-07-10 15:09:00,test,True
619,618,last_reply,"Jul 10th, 2020 2:43 pm",2020-07-10 14:43:00,test,True
620,619,last_reply,"Jul 10th, 2020 2:40 pm",2020-07-10 14:40:00,test,True
622,621,last_reply,"Jul 10th, 2020 2:17 pm",2020-07-10 14:17:00,test,True
631,630,last_reply,"Jul 10th, 2020 1:00 pm",2020-07-10 13:00:00,test,True
635,634,last_reply,"Jul 10th, 2020 11:46 am",2020-07-10 11:46:00,test,True
637,636,last_reply,"Jul 10th, 2020 11:12 am",2020-07-10 11:12:00,test,True
638,637,last_reply,"Jul 10th, 2020 11:05 am",2020-07-10 11:05:00,test,True
640,639,last_reply,"Jul 10th, 2020 8:52 am",2020-07-10 08:52:00,test,True
644,643,last_reply,"Jul 10th, 2020 1:38 am",2020-07-10 01:38:00,test,True
649,648,last_reply,"Jul 9th, 2020 10:04 pm",2020-07-09 22:04:00,test,True
650,649,last_reply,"Jul 9th, 2020 10:00 pm",2020-07-09 22:00:00,test,True
652,651,last_reply,"Jul 9th, 2020 8:46 pm",2020-07-09 20:46:00,test,True
659,658,last_reply,"Jul 9th, 2020 6:07 pm",2020-07-09 18:07:00,test,True
660,659,last_reply,"Jul 9th, 2020 5:57 pm",2020-07-09 17:57:00,test,True
665,664,last_reply,"Jul 9th, 2020 4:27 pm",2020-07-09 16:27:00,test,True
667,666,last_reply,"Jul 9th, 2020 3:39 pm",2020-07-09 15:39:00,test,True
671,670,last_reply,"Jul 9th, 2020 1:21 pm",2020-07-09 13:21:00,test,True
674,673,last_reply,"Jul 9th, 2020 12:18 pm",2020-07-09 12:18:00,test,True
678,677,last_reply,"Jul 9th, 2020 11:19 am",2020-07-09 11:19:00,test,True
685,684,last_reply,"Jul 9th, 2020 9:59 am",2020-07-09 09:59:00,test,True
688,687,last_reply,"Jul 9th, 2020 9:34 am",2020-07-09 09:34:00,test,True
692,691,last_reply,"Jul 9th, 2020 2:03 am",2020-07-09 02:03:00,test,True
695,694,last_reply,"Jul 8th, 2020 11:36 pm",2020-07-08 23:36:00,test,True
699,698,last_reply,"Jul 8th, 2020 11:01 pm",2020-07-08 23:01:00,test,True
700,699,last_reply,"Jul 8th, 2020 10:55 pm",2020-07-08 22:55:00,test,True
703,702,last_reply,"Jul 8th, 2020 7:03 pm",2020-07-08 19:03:00,test,True
715,714,last_reply,"Jul 8th, 2020 3:08 pm",2020-07-08 15:08:00,test,True
717,716,last_reply,"Jul 8th, 2020 2:34 pm",2020-07-08 14:34:00,test,True
718,717,last_reply,"Jul 8th, 2020 2:16 pm",2020-07-08 14:16:00,test,True
721,720,last_reply,"Jul 8th, 2020 1:12 pm",2020-07-08 13:12:00,test,True
723,722,last_reply,"Jul 8th, 2020 12:57 pm",2020-07-08 12:57:00,test,True
725,724,last_reply,"Jul 8th, 2020 11:35 am",2020-07-08 11:35:00,test,True
734,733,last_reply,"Jul 8th, 2020 1:48 am",2020-07-08 01:48:00,test,True
741,740,last_reply,"Jul 7th, 2020 9:53 pm",2020-07-07 21:53:00,test,True
744,743,last_reply,"Jul 7th, 2020 8:31 pm",2020-07-07 20:31:00,test,True
745,744,last_reply,"Jul 7th, 2020 8:09 pm",2020-07-07 20:09:00,test,True
746,745,last_reply,"Jul 7th, 2020 7:20 pm",2020-07-07 19:20:00,test,True
751,750,last_reply,"Jul 7th, 2020 5:10 pm",2020-07-07 17:10:00,test,True
755,754,last_reply,"Jul 7th, 2020 3:23 pm",2020-07-07 15:23:00,test,True
756,755,last_reply,"Jul 7th, 2020 3:20 pm",2020-07-07 15:20:00,test,True
759,758,last_reply,"Jul 7th, 2020 3:00 pm",2020-07-07 15:00:00,test,True
762,761,last_reply,"Jul 7th, 2020 2:33 pm",2020-07-07 14:33:00,test,True
764,763,last_reply,"Jul 7th, 2020 1:54 pm",2020-07-07 13:54:00,test,True
766,765,last_reply,"Jul 7th, 2020 1:29 pm",2020-07-07 13:29:00,test,True
770,769,last_reply,"Jul 7th, 2020 12:18 pm",2020-07-07 12:18:00,test,True
774,773,last_reply,"Jul 7th, 2020 11:11 am",2020-07-07 11:11:00,test,True
776,775,last_reply,"Jul 7th, 2020 11:05 am",2020-07-07 11:05:00,test,True
778,777,last_reply,"Jul 7th, 2020 10:31 am",2020-07-07 10:31:00,test,True
780,779,last_reply,"Jul 7th, 2020 7:16 am",2020-07-07 07:16:00,test,True
781,780,last_reply,"Jul 7th, 2020 7:14 am",2020-07-07 07:14:00,test,True
782,781,last_reply,"Jul 7th, 2020 6:01 am",2020-07-07 06:01:00,test,True
785,784,last_reply,"Jul 7th, 2020 1:09 am",2020-07-07 01:09:00,test,True
804,803,last_reply,"Jul 6th, 2020 7:27 pm",2020-07-06 19:27:00,test,True
807,806,last_reply,"Jul 6th, 2020 7:10 pm",2020-07-06 19:10:00,test,True
809,808,last_reply,"Jul 6th, 2020 7:00 pm",2020-07-06 19:00:00,test,True
811,810,last_reply,"Jul 6th, 2020 6:11 pm",2020-07-06 18:11:00,test,True
813,812,last_reply,"Jul 6th, 2020 4:31 pm",2020-07-06 16:31:00,test,True
817,816,last_reply,"Jul 6th, 2020 3:18 pm",2020-07-06 15:18:00,test,True
819,818,last_reply,"Jul 6th, 2020 1:45 pm",2020-07-06 13:45:00,test,True
822,821,last_reply,"Jul 6th, 2020 1:21 pm",2020-07-06 13:21:00,test,True
823,822,last_reply,"Jul 6th, 2020 1:15 pm",2020-07-06 13:15:00,test,True
824,823,last_reply,"Jul 6th, 2020 12:42 pm",2020-07-06 12:42:00,test,True
827,826,last_reply,"Jul 6th, 2020 11:52 am",2020-07-06 11:52:00,test,True
831,830,last_reply,"Jul 6th, 2020 11:20 am",2020-07-06 11:20:00,test,True
832,831,last_reply,"Jul 6th, 2020 11:05 am",2020-07-06 11:05:00,test,True
834,833,last_reply,"Jul 6th, 2020 10:55 am",2020-07-06 10:55:00,test,True
835,834,last_reply,"Jul 6th, 2020 10:12 am",2020-07-06 10:12:00,test,True
839,838,last_reply,"Jul 6th, 2020 9:45 am",2020-07-06 09:45:00,test,True
844,843,last_reply,"Jul 6th, 2020 2:09 am",2020-07-06 02:09:00,test,True
845,844,last_reply,"Jul 6th, 2020 12:22 am",2020-07-06 00:22:00,test,True
846,845,last_reply,"Jul 5th, 2020 11:41 pm",2020-07-05 23:41:00,test,True
852,851,last_reply,"Jul 5th, 2020 7:54 pm",2020-07-05 19:54:00,test,True
858,857,last_reply,"Jul 5th, 2020 6:25 pm",2020-07-05 18:25:00,test,True
867,866,last_reply,"Jul 5th, 2020 1:20 pm",2020-07-05 13:20:00,test,True
868,867,last_reply,"Jul 5th, 2020 12:30 pm",2020-07-05 12:30:00,test,True
872,871,last_reply,"Jul 5th, 2020 10:18 am",2020-07-05 10:18:00,test,True
874,873,last_reply,"Jul 5th, 2020 12:15 am",2020-07-05 00:15:00,test,True
879,878,last_reply,"Jul 4th, 2020 7:20 pm",2020-07-04 19:20:00,test,True
881,880,last_reply,"Jul 4th, 2020 6:07 pm",2020-07-04 18:07:00,test,True
892,891,last_reply,"Jul 4th, 2020 3:33 pm",2020-07-04 15:33:00,test,True
896,895,last_reply,"Jul 4th, 2020 11:10 am",2020-07-04 11:10:00,test,True
897,896,last_reply,"Jul 4th, 2020 11:02 am",2020-07-04 11:02:00,test,True
899,898,last_reply,"Jul 4th, 2020 9:17 am",2020-07-04 09:17:00,test,True
901,900,last_reply,"Jul 4th, 2020 8:25 am",2020-07-04 08:25:00,test,True
903,902,last_reply,"Jul 4th, 2020 7:18 am",2020-07-04 07:18:00,test,True
904,903,last_reply,"Jul 4th, 2020 7:07 am",2020-07-04 07:07:00,test,True
916,915,last_reply,"Jul 3rd, 2020 9:10 pm",2020-07-03 21:10:00,test,True
917,916,last_reply,"Jul 3rd, 2020 8:29 pm",2020-07-03 20:29:00,test,True
919,918,last_reply,"Jul 3rd, 2020 7:19 pm",2020-07-03 19:19:00,test,True
921,920,last_reply,"Jul 3rd, 2020 7:07 pm",2020-07-03 19:07:00,test,True
922,921,last_reply,"Jul 3rd, 2020 6:37 pm",2020-07-03 18:37:00,test,True
923,922,last_reply,"Jul 3rd, 2020 6:36 pm",2020-07-03 18:36:00,test,True
925,924,last_reply,"Jul 3rd, 2020 5:56 pm",2020-07-03 17:56:00,test,True
931,930,last_reply,"Jul 3rd, 2020 5:18 pm",2020-07-03 17:18:00,test,True
932,931,last_reply,"Jul 3rd, 2020 5:09 pm",2020-07-03 17:09:00,test,True
935,934,last_reply,"Jul 3rd, 2020 4:43 pm",2020-07-03 16:43:00,test,True
941,940,last_reply,"Jul 3rd, 2020 3:25 pm",2020-07-03 15:25:00,test,True
943,942,last_reply,"Jul 3rd, 2020 1:08 pm",2020-07-03 13:08:00,test,True
946,945,last_reply,"Jul 3rd, 2020 11:36 am",2020-07-03 11:36:00,test,True
947,946,last_reply,"Jul 3rd, 2020 11:18 am",2020-07-03 11:18:00,test,True
948,947,last_reply,"Jul 3rd, 2020 11:11 am",2020-07-03 11:11:00,test,True
949,948,last_reply,"Jul 3rd, 2020 10:47 am",2020-07-03 10:47:00,test,True
950,949,last_reply,"Jul 3rd, 2020 10:42 am",2020-07-03 10:42:00,test,True
951,950,last_reply,"Jul 3rd, 2020 10:21 am",2020-07-03 10:21:00,test,True
956,955,last_reply,"Jul 3rd, 2020 8:44 am",2020-07-03 08:44:00,test,True
964,963,last_reply,"Jul 2nd, 2020 10:41 pm",2020-07-02 22:41:00,test,True
966,965,last_reply,"Jul 2nd, 2020 8:33 pm",2020-07-02 20:33:00,test,True
968,967,last_reply,"Jul 2nd, 2020 8:19 pm",2020-07-02 20:19:00,test,True
972,971,last_reply,"Jul 2nd, 2020 5:49 pm",2020-07-02 17:49:00,test,True
974,973,last_reply,"Jul 2nd, 2020 4:58 pm",2020-07-02 16:58:00,test,True
976,975,last_reply,"Jul 2nd, 2020 4:42 pm",2020-07-02 16:42:00,test,True
979,978,last_reply,"Jul 2nd, 2020 2:17 pm",2020-07-02 14:17:00,test,True
986,985,last_reply,"Jul 2nd, 2020 12:54 pm",2020-07-02 12:54:00,test,True
988,987,last_reply,"Jul 2nd, 2020 12:30 pm",2020-07-02 12:30:00,test,True
989,988,last_reply,"Jul 2nd, 2020 12:25 pm",2020-07-02 12:25:00,test,True
992,991,last_reply,"Jul 2nd, 2020 12:11 pm",2020-07-02 12:11:00,test,True
994,993,last_reply,"Jul 2nd, 2020 11:25 am",2020-07-02 11:25:00,test,True
1000,999,last_reply,"Jul 2nd, 2020 2:28 am",2020-07-02 02:28:00,test,True
1001,1000,last_reply,"Jul 2nd, 2020 1:30 am",2020-07-02 01:30:00,test,True
1003,1002,last_reply,"Jul 1st, 2020 10:55 pm",2020-07-01 22:55:00,test,True
1004,1003,last_reply,"Jul 1st, 2020 10:09 pm",2020-07-01 22:09:00,test,True
1006,1005,last_reply,"Jul 1st, 2020 9:32 pm",2020-07-01 21:32:00,test,True
1010,1009,last_reply,"Jul 1st, 2020 7:14 pm",2020-07-01 19:14:00,test,True
1016,1015,last_reply,"Jul 1st, 2020 5:25 pm",2020-07-01 17:25:00,test,True
1017,1016,last_reply,"Jul 1st, 2020 4:52 pm",2020-07-01 16:52:00,test,True
1019,1018,last_reply,"Jul 1st, 2020 4:27 pm",2020-07-01 16:27:00,test,True
1021,1020,last_reply,"Jul 1st, 2020 3:54 pm",2020-07-01 15:54:00,test,True
1026,1025,last_reply,"Jul 1st, 2020 1:24 pm",2020-07-01 13:24:00,test,True
1033,1032,last_reply,"Jul 1st, 2020 12:44 pm",2020-07-01 12:44:00,test,True
1037,1036,last_reply,"Jul 1st, 2020 12:24 pm",2020-07-01 12:24:00,test,True
1041,1040,last_reply,"Jul 1st, 2020 11:02 am",2020-07-01 11:02:00,test,True
1042,1041,last_reply,"Jul 1st, 2020 10:25 am",2020-07-01 10:25:00,test,True
1045,1044,last_reply,"Jul 1st, 2020 10:03 am",2020-07-01 10:03:00,test,True
1046,1045,last_reply,"Jul 1st, 2020 9:41 am",2020-07-01 09:41:00,test,True
1047,1046,last_reply,"Jul 1st, 2020 9:23 am",2020-07-01 09:23:00,test,True
1048,1047,last_reply,"Jul 1st, 2020 8:33 am",2020-07-01 08:33:00,test,True
1049,1048,last_reply,"Jul 1st, 2020 6:21 am",2020-07-01 06:21:00,test,True
1050,1049,last_reply,"Jul 1st, 2020 3:01 am",2020-07-01 03:01:00,test,True
1053,1052,last_reply,"Jul 1st, 2020 1:06 am",2020-07-01 01:06:00,test,True
1057,1056,last_reply,"Jun 30th, 2020 10:44 pm",2020-06-30 22:44:00,test,True
1064,1063,last_reply,"Jun 30th, 2020 8:51 pm",2020-06-30 20:51:00,test,True
1065,1064,last_reply,"Jun 30th, 2020 8:04 pm",2020-06-30 20:04:00,test,True
1066,1065,last_reply,"Jun 30th, 2020 7:53 pm",2020-06-30 19:53:00,test,True
1067,1066,last_reply,"Jun 30th, 2020 7:23 pm",2020-06-30 19:23:00,test,True
1068,1067,last_reply,"Jun 30th, 2020 7:04 pm",2020-06-30 19:04:00,test,True
1074,1073,last_reply,"Jun 30th, 2020 6:33 pm",2020-06-30 18:33:00,test,True
1076,1075,last_reply,"Jun 30th, 2020 6:31 pm",2020-06-30 18:31:00,test,True
1078,1077,last_reply,"Jun 30th, 2020 4:51 pm",2020-06-30 16:51:00,test,True
1083,1082,last_reply,"Jun 30th, 2020 3:44 pm",2020-06-30 15:44:00,test,True
1089,1088,last_reply,"Jun 30th, 2020 1:59 pm",2020-06-30 13:59:00,test,True
1091,1090,last_reply,"Jun 30th, 2020 1:29 pm",2020-06-30 13:29:00,test,True
1102,1101,last_reply,"Jun 30th, 2020 9:47 am",2020-06-30 09:47:00,test,True
1105,1104,last_reply,"Jun 30th, 2020 1:31 am",2020-06-30 01:31:00,test,True
1111,1110,last_reply,"Jun 29th, 2020 10:38 pm",2020-06-29 22:38:00,test,True
1114,1113,last_reply,"Jun 29th, 2020 9:46 pm",2020-06-29 21:46:00,test,True
1115,1114,last_reply,"Jun 29th, 2020 9:36 pm",2020-06-29 21:36:00,test,True
1116,1115,last_reply,"Jun 29th, 2020 9:29 pm",2020-06-29 21:29:00,test,True
1120,1119,last_reply,"Jun 29th, 2020 8:11 pm",2020-06-29 20:11:00,test,True
1123,1122,last_reply,"Jun 29th, 2020 6:14 pm",2020-06-29 18:14:00,test,True
1129,1128,last_reply,"Jun 29th, 2020 2:21 pm",2020-06-29 14:21:00,test,True
1131,1130,last_reply,"Jun 29th, 2020 12:48 pm",2020-06-29 12:48:00,test,True
1137,1136,last_reply,"Jun 29th, 2020 11:24 am",2020-06-29 11:24:00,test,True
1140,1139,last_reply,"Jun 29th, 2020 9:31 am",2020-06-29 09:31:00,test,True
1142,1141,last_reply,"Jun 29th, 2020 7:36 am",2020-06-29 07:36:00,test,True
1143,1142,last_reply,"Jun 29th, 2020 7:35 am",2020-06-29 07:35:00,test,True
1144,1143,last_reply,"Jun 29th, 2020 6:18 am",2020-06-29 06:18:00,test,True
1147,1146,last_reply,"Jun 28th, 2020 11:55 pm",2020-06-28 23:55:00,test,True
1148,1147,last_reply,"Jun 28th, 2020 11:11 pm",2020-06-28 23:11:00,test,True
1149,1148,last_reply,"Jun 28th, 2020 10:02 pm",2020-06-28 22:02:00,test,True
1150,1149,last_reply,"Jun 28th, 2020 9:26 pm",2020-06-28 21:26:00,test,True
1151,1150,last_reply,"Jun 28th, 2020 8:43 pm",2020-06-28 20:43:00,test,True
1153,1152,last_reply,"Jun 28th, 2020 7:29 pm",2020-06-28 19:29:00,test,True
1157,1156,last_reply,"Jun 28th, 2020 4:56 pm",2020-06-28 16:56:00,test,True
1158,1157,last_reply,"Jun 28th, 2020 4:50 pm",2020-06-28 16:50:00,test,True
1159,1158,last_reply,"Jun 28th, 2020 4:35 pm",2020-06-28 16:35:00,test,True
1160,1159,last_reply,"Jun 28th, 2020 3:53 pm",2020-06-28 15:53:00,test,True
1170,1169,last_reply,"Jun 28th, 2020 2:05 pm",2020-06-28 14:05:00,test,True
1181,1180,last_reply,"Jun 28th, 2020 10:47 am",2020-06-28 10:47:00,test,True
1182,1181,last_reply,"Jun 28th, 2020 10:28 am",2020-06-28 10:28:00,test,True
1183,1182,last_reply,"Jun 28th, 2020 8:58 am",2020-06-28 08:58:00,test,True
1189,1188,last_reply,"Jun 27th, 2020 10:22 pm",2020-06-27 22:22:00,test,True
1190,1189,last_reply,"Jun 27th, 2020 10:17 pm",2020-06-27 22:17:00,test,True
1191,1190,last_reply,"Jun 27th, 2020 10:17 pm",2020-06-27 22:17:00,test,True
1206,1205,last_reply,"Jun 27th, 2020 4:08 pm",2020-06-27 16:08:00,test,True
1209,1208,last_reply,"Jun 27th, 2020 2:18 pm",2020-06-27 14:18:00,test,True
1210,1209,last_reply,"Jun 27th, 2020 2:11 pm",2020-06-27 14:11:00,test,True
1213,1212,last_reply,"Jun 27th, 2020 12:38 pm",2020-06-27 12:38:00,test,True
1218,1217,last_reply,"Jun 27th, 2020 10:30 am",2020-06-27 10:30:00,test,True
1219,1218,last_reply,"Jun 27th, 2020 10:26 am",2020-06-27 10:26:00,test,True
1222,1221,last_reply,"Jun 27th, 2020 9:10 am",2020-06-27 09:10:00,test,True
1226,1225,last_reply,"Jun 27th, 2020 2:34 am",2020-06-27 02:34:00,test,True
1228,1227,last_reply,"Jun 27th, 2020 1:02 am",2020-06-27 01:02:00,test,True
1237,1236,last_reply,"Jun 26th, 2020 8:28 pm",2020-06-26 20:28:00,test,True
1239,1238,last_reply,"Jun 26th, 2020 8:04 pm",2020-06-26 20:04:00,test,True
1240,1239,last_reply,"Jun 26th, 2020 8:01 pm",2020-06-26 20:01:00,test,True
1241,1240,last_reply,"Jun 26th, 2020 7:40 pm",2020-06-26 19:40:00,test,True
1248,1247,last_reply,"Jun 26th, 2020 5:11 pm",2020-06-26 17:11:00,test,True
1249,1248,last_reply,"Jun 26th, 2020 5:09 pm",2020-06-26 17:09:00,test,True
1251,1250,last_reply,"Jun 26th, 2020 5:01 pm",2020-06-26 17:01:00,test,True
1252,1251,last_reply,"Jun 26th, 2020 4:59 pm",2020-06-26 16:59:00,test,True
1258,1257,last_reply,"Jun 26th, 2020 4:10 pm",2020-06-26 16:10:00,test,True
1261,1260,last_reply,"Jun 26th, 2020 3:36 pm",2020-06-26 15:36:00,test,True
1266,1265,last_reply,"Jun 26th, 2020 2:22 pm",2020-06-26 14:22:00,test,True
1267,1266,last_reply,"Jun 26th, 2020 2:21 pm",2020-06-26 14:21:00,test,True
1280,1279,last_reply,"Jun 26th, 2020 10:26 am",2020-06-26 10:26:00,test,True
1282,1281,last_reply,"Jun 26th, 2020 9:49 am",2020-06-26 09:49:00,test,True
1284,1283,last_reply,"Jun 26th, 2020 8:47 am",2020-06-26 08:47:00,test,True
1285,1284,last_reply,"Jun 26th, 2020 8:40 am",2020-06-26 08:40:00,test,True
1287,1286,last_reply,"Jun 26th, 2020 5:31 am",2020-06-26 05:31:00,test,True
1290,1289,last_reply,"Jun 26th, 2020 12:30 am",2020-06-26 00:30:00,test,True
1295,1294,last_reply,"Jun 25th, 2020 9:20 pm",2020-06-25 21:20:00,test,True
1306,1305,last_reply,"Jun 25th, 2020 7:05 pm",2020-06-25 19:05:00,test,True
1309,1308,last_reply,"Jun 25th, 2020 6:20 pm",2020-06-25 18:20:00,test,True
1310,1309,last_reply,"Jun 25th, 2020 5:20 pm",2020-06-25 17:20:00,test,True
1313,1312,last_reply,"Jun 25th, 2020 5:07 pm",2020-06-25 17:07:00,test,True
1318,1317,last_reply,"Jun 25th, 2020 4:26 pm",2020-06-25 16:26:00,test,True
1319,1318,last_reply,"Jun 25th, 2020 3:57 pm",2020-06-25 15:57:00,test,True
1323,1322,last_reply,"Jun 13th, 2020 6:38 pm",2020-06-13 18:38:00,test,True
1324,1323,last_reply,"Apr 22nd, 2020 10:58 pm",2020-04-22 22:58:00,test,True
1325,1324,last_reply,"Dec 25th, 2019 3:00 pm",2019-12-25 15:00:00,test,True
