row_id_raw,source_column,raw_value,true_clean_value,date_pred_llm,input_tokens,output_tokens,match
1,creation_date,"Jul 13th, 2020 1:29 pm",2020-07-13 13:29:00,2020-07-13 13:29:00,247.0,26.0,True
4,creation_date,"Jul 16th, 2020 1:36 pm",2020-07-16 13:36:00,2020-07-16 13:36:00,247.0,26.0,True
8,creation_date,"Jul 15th, 2020 11:02 am",2020-07-15 11:02:00,2020-07-15 11:02:00,246.0,26.0,True
13,creation_date,"Jun 23rd, 2020 11:28 pm",2020-06-23 23:28:00,2020-06-23 23:28:00,248.0,26.0,True
14,creation_date,"Jul 15th, 2020 3:16 pm",2020-07-15 15:16:00,2020-07-15 15:16:00,247.0,26.0,True
16,creation_date,"Jul 15th, 2020 2:41 pm",2020-07-15 14:41:00,2020-07-15 14:41:00,247.0,26.0,True
17,creation_date,"Jul 15th, 2020 10:02 pm",2020-07-15 22:02:00,2020-07-15 22:02:00,247.0,26.0,True
19,creation_date,"Jul 16th, 2020 8:04 pm",2020-07-16 20:04:00,2020-07-16 20:04:00,247.0,26.0,True
20,creation_date,"Mar 2nd, 2020 10:17 am",2020-03-02 10:17:00,2020-03-02 10:17:00,247.0,26.0,True
21,creation_date,"Jul 17th, 2020 7:53 am",2020-07-17 07:53:00,2020-07-17 07:53:00,246.0,26.0,True
34,creation_date,"Jun 27th, 2020 11:01 pm",2020-06-27 23:01:00,2020-06-27 23:01:00,247.0,26.0,True
42,creation_date,"Jul 17th, 2020 3:33 am",2020-07-17 03:33:00,2020-07-17 03:33:00,246.0,26.0,True
43,creation_date,"Jul 17th, 2020 7:30 am",2020-07-17 07:30:00,2020-07-17 07:30:00,246.0,26.0,True
45,creation_date,"Jul 16th, 2020 8:53 pm",2020-07-16 20:53:00,2020-07-16 20:53:00,247.0,26.0,True
46,creation_date,"Jul 17th, 2020 3:15 am",2020-07-17 03:15:00,2020-07-17 03:15:00,246.0,26.0,True
48,creation_date,"Jul 15th, 2020 8:37 pm",2020-07-15 20:37:00,2020-07-15 20:37:00,247.0,26.0,True
54,creation_date,"Jul 4th, 2020 2:57 pm",2020-07-04 14:57:00,2020-07-04 14:57:00,247.0,26.0,True
60,creation_date,"Jul 17th, 2020 5:31 am",2020-07-17 05:31:00,2020-07-17 05:31:00,246.0,26.0,True
62,creation_date,"Jul 16th, 2020 9:20 pm",2020-07-16 21:20:00,2020-07-16 21:20:00,247.0,26.0,True
63,creation_date,"Jul 16th, 2020 8:35 am",2020-07-16 08:35:00,2020-07-16 08:35:00,246.0,26.0,True
67,creation_date,"Feb 29th, 2020 8:24 am",2020-02-29 08:24:00,2020-02-29 08:24:00,246.0,26.0,True
74,creation_date,"Jul 14th, 2020 11:00 am",2020-07-14 11:00:00,2020-07-14 11:00:00,246.0,26.0,True
101,creation_date,"Jul 15th, 2020 9:33 pm",2020-07-15 21:33:00,2020-07-15 21:33:00,247.0,26.0,True
105,creation_date,"Jul 4th, 2020 12:26 pm",2020-07-04 12:26:00,2020-07-04 12:26:00,247.0,26.0,True
109,creation_date,"Jul 15th, 2020 10:25 am",2020-07-15 10:25:00,2020-07-15 10:25:00,246.0,26.0,True
112,creation_date,"Apr 23rd, 2020 1:01 pm",2020-04-23 13:01:00,2020-04-23 13:01:00,248.0,26.0,True
116,creation_date,"Jul 14th, 2020 6:39 pm",2020-07-14 18:39:00,2020-07-14 18:39:00,247.0,26.0,True
121,creation_date,"Jul 16th, 2020 2:46 pm",2020-07-16 14:46:00,2020-07-16 14:46:00,247.0,26.0,True
123,creation_date,"Jul 3rd, 2020 3:40 am",2020-07-03 03:40:00,2020-07-03 03:40:00,247.0,26.0,True
130,creation_date,"May 24th, 2020 10:16 am",2020-05-24 10:16:00,2020-05-24 10:16:00,244.0,26.0,True
134,creation_date,"Jul 16th, 2020 6:04 pm",2020-07-16 18:04:00,2020-07-16 18:04:00,247.0,26.0,True
137,creation_date,"Jul 15th, 2020 4:12 pm",2020-07-15 16:12:00,2020-07-15 16:12:00,247.0,26.0,True
139,creation_date,"Jul 16th, 2020 5:53 pm",2020-07-16 17:53:00,2020-07-16 17:53:00,247.0,26.0,True
140,creation_date,"Jul 16th, 2020 7:19 pm",2020-07-16 19:19:00,2020-07-16 19:19:00,247.0,26.0,True
142,creation_date,"Jul 16th, 2020 1:44 am",2020-07-16 01:44:00,2020-07-16 01:44:00,246.0,26.0,True
145,creation_date,"Jul 16th, 2020 2:58 pm",2020-07-16 14:58:00,2020-07-16 14:58:00,247.0,26.0,True
148,creation_date,"Jul 3rd, 2020 12:21 pm",2020-07-03 12:21:00,2020-07-03 12:21:00,248.0,26.0,True
152,creation_date,"Jul 16th, 2020 8:34 am",2020-07-16 08:34:00,2020-07-16 08:34:00,246.0,26.0,True
160,creation_date,"Jun 26th, 2020 3:54 pm",2020-06-26 15:54:00,2020-06-26 15:54:00,247.0,26.0,True
161,creation_date,"Jul 16th, 2020 1:54 pm",2020-07-16 13:54:00,2020-07-16 13:54:00,247.0,26.0,True
164,creation_date,"Jul 14th, 2020 1:53 pm",2020-07-14 13:53:00,2020-07-14 13:53:00,247.0,26.0,True
167,creation_date,"Jun 27th, 2020 3:31 pm",2020-06-27 15:31:00,2020-06-27 15:31:00,247.0,26.0,True
168,creation_date,"Jul 6th, 2020 10:28 pm",2020-07-06 22:28:00,2020-07-06 22:28:00,247.0,26.0,True
169,creation_date,"Jul 8th, 2020 2:38 pm",2020-07-08 14:38:00,2020-07-08 14:38:00,247.0,26.0,True
170,creation_date,"Jun 13th, 2020 3:16 pm",2020-06-13 15:16:00,2020-06-13 15:16:00,247.0,26.0,True
172,creation_date,"Jul 10th, 2020 9:25 pm",2020-07-10 21:25:00,2020-07-10 21:25:00,247.0,26.0,True
175,creation_date,"Jul 13th, 2020 6:44 pm",2020-07-13 18:44:00,2020-07-13 18:44:00,247.0,26.0,True
180,creation_date,"Jul 15th, 2020 2:54 pm",2020-07-15 14:54:00,2020-07-15 14:54:00,247.0,26.0,True
181,creation_date,"Jul 16th, 2020 12:36 am",2020-07-16 00:36:00,2020-07-16 00:36:00,246.0,26.0,True
186,creation_date,"Jul 3rd, 2020 11:58 am",2020-07-03 11:58:00,2020-07-03 11:58:00,247.0,26.0,True
195,creation_date,"Jul 13th, 2020 7:53 am",2020-07-13 07:53:00,2020-07-13 07:53:00,246.0,26.0,True
200,creation_date,"Jul 15th, 2020 11:09 am",2020-07-15 11:09:00,2020-07-15 11:09:00,246.0,26.0,True
206,creation_date,"May 28th, 2020 7:39 pm",2020-05-28 19:39:00,2020-05-28 19:39:00,245.0,26.0,True
207,creation_date,"Jul 11th, 2020 5:09 pm",2020-07-11 17:09:00,2020-07-11 17:09:00,247.0,26.0,True
211,creation_date,"Jul 10th, 2020 5:15 pm",2020-07-10 17:15:00,2020-07-10 17:15:00,247.0,26.0,True
212,creation_date,"Jul 5th, 2020 7:21 pm",2020-07-05 19:21:00,2020-07-05 19:21:00,247.0,26.0,True
217,creation_date,"Jun 25th, 2020 8:14 am",2020-06-25 08:14:00,2020-06-25 08:14:00,246.0,26.0,True
219,creation_date,"Jul 16th, 2020 11:53 am",2020-07-16 11:53:00,2020-07-16 11:53:00,246.0,26.0,True
222,creation_date,"May 28th, 2020 7:54 am",2020-05-28 07:54:00,2020-05-28 07:54:00,244.0,26.0,True
223,creation_date,"Apr 21st, 2020 3:08 pm",2020-04-21 15:08:00,2020-04-21 15:08:00,247.0,26.0,True
224,creation_date,"Jul 15th, 2020 11:09 am",2020-07-15 11:09:00,2020-07-15 11:09:00,246.0,26.0,True
227,creation_date,"May 29th, 2020 11:19 am",2020-05-29 11:19:00,2020-05-29 11:19:00,244.0,26.0,True
228,creation_date,"Jul 15th, 2020 10:21 pm",2020-07-15 22:21:00,2020-07-15 22:21:00,247.0,26.0,True
229,creation_date,"Jul 14th, 2020 9:47 am",2020-07-14 09:47:00,2020-07-14 09:47:00,246.0,26.0,True
240,creation_date,"Jul 14th, 2020 4:07 pm",2020-07-14 16:07:00,2020-07-14 16:07:00,247.0,26.0,True
243,creation_date,"Jul 15th, 2020 3:56 pm",2020-07-15 15:56:00,2020-07-15 15:56:00,247.0,26.0,True
249,creation_date,"Jul 15th, 2020 1:11 pm",2020-07-15 13:11:00,2020-07-15 13:11:00,247.0,26.0,True
253,creation_date,"Jul 15th, 2020 10:13 am",2020-07-15 10:13:00,2020-07-15 10:13:00,246.0,26.0,True
254,creation_date,"Jul 11th, 2020 10:11 pm",2020-07-11 22:11:00,2020-07-11 22:11:00,247.0,26.0,True
265,creation_date,"Mar 28th, 2020 8:34 am",2020-03-28 08:34:00,2020-03-28 08:34:00,246.0,26.0,True
269,creation_date,"Jul 16th, 2020 12:00 am",2020-07-16 00:00:00,2020-07-16 00:00:00,246.0,26.0,True
270,creation_date,"Jun 13th, 2020 9:50 pm",2020-06-13 21:50:00,2020-06-13 21:50:00,247.0,26.0,True
276,creation_date,"Jul 14th, 2020 10:58 pm",2020-07-14 22:58:00,2020-07-14 22:58:00,247.0,26.0,True
277,creation_date,"Jul 15th, 2020 10:57 am",2020-07-15 10:57:00,2020-07-15 10:57:00,246.0,26.0,True
279,creation_date,"Jul 8th, 2020 4:48 pm",2020-07-08 16:48:00,2020-07-08 16:48:00,247.0,26.0,True
286,creation_date,"Jul 15th, 2020 8:39 pm",2020-07-15 20:39:00,2020-07-15 20:39:00,247.0,26.0,True
287,creation_date,"Jul 14th, 2020 11:10 am",2020-07-14 11:10:00,2020-07-14 11:10:00,246.0,26.0,True
292,creation_date,"Jul 15th, 2020 2:36 pm",2020-07-15 14:36:00,2020-07-15 14:36:00,247.0,26.0,True
293,creation_date,"Jul 14th, 2020 10:04 pm",2020-07-14 22:04:00,2020-07-14 22:04:00,247.0,26.0,True
300,creation_date,"Jul 13th, 2020 9:13 am",2020-07-13 09:13:00,2020-07-13 09:13:00,246.0,26.0,True
303,creation_date,"Jul 11th, 2020 10:49 pm",2020-07-11 22:49:00,2020-07-11 22:49:00,247.0,26.0,True
307,creation_date,"Jul 15th, 2020 2:07 pm",2020-07-15 14:07:00,2020-07-15 14:07:00,247.0,26.0,True
311,creation_date,"Jul 13th, 2020 12:49 pm",2020-07-13 12:49:00,2020-07-13 12:49:00,247.0,26.0,True
312,creation_date,"Jul 14th, 2020 11:55 am",2020-07-14 11:55:00,2020-07-14 11:55:00,246.0,26.0,True
317,creation_date,"Jul 14th, 2020 3:59 pm",2020-07-14 15:59:00,2020-07-14 15:59:00,247.0,26.0,True
319,creation_date,"Jul 15th, 2020 11:22 am",2020-07-15 11:22:00,2020-07-15 11:22:00,246.0,26.0,True
325,creation_date,"Jun 26th, 2020 12:52 am",2020-06-26 00:52:00,2020-06-26 00:52:00,246.0,26.0,True
329,creation_date,"Jul 4th, 2020 9:04 am",2020-07-04 09:04:00,2020-07-04 09:04:00,246.0,26.0,True
338,creation_date,"Jul 10th, 2020 11:03 am",2020-07-10 11:03:00,2020-07-10 11:03:00,246.0,26.0,True
340,creation_date,"Jul 14th, 2020 8:17 pm",2020-07-14 20:17:00,2020-07-14 20:17:00,247.0,26.0,True
342,creation_date,"Jun 17th, 2020 3:09 pm",2020-06-17 15:09:00,2020-06-17 15:09:00,247.0,26.0,True
345,creation_date,"Jun 28th, 2020 9:04 pm",2020-06-28 21:04:00,2020-06-28 21:04:00,247.0,26.0,True
347,creation_date,"Jul 8th, 2020 10:36 am",2020-07-08 10:36:00,2020-07-08 10:36:00,246.0,26.0,True
355,creation_date,"Jul 8th, 2020 9:50 pm",2020-07-08 21:50:00,2020-07-08 21:50:00,247.0,26.0,True
362,creation_date,"Jun 12th, 2020 1:30 pm",2020-06-12 13:30:00,2020-06-12 13:30:00,247.0,26.0,True
366,creation_date,"Jul 14th, 2020 12:27 pm",2020-07-14 12:27:00,2020-07-14 12:27:00,247.0,26.0,True
368,creation_date,"Jul 4th, 2020 2:35 pm",2020-07-04 14:35:00,2020-07-04 14:35:00,247.0,26.0,True
370,creation_date,"May 25th, 2020 2:37 pm",2020-05-25 14:37:00,2020-05-25 14:37:00,245.0,26.0,True
374,creation_date,"Jul 14th, 2020 12:25 pm",2020-07-14 12:25:00,2020-07-14 12:25:00,247.0,26.0,True
378,creation_date,"Jun 30th, 2020 8:25 am",2020-06-30 08:25:00,2020-06-30 08:25:00,246.0,26.0,True
394,creation_date,"Jul 13th, 2020 1:19 pm",2020-07-13 13:19:00,2020-07-13 13:19:00,247.0,26.0,True
403,creation_date,"Jul 8th, 2020 11:28 pm",2020-07-08 23:28:00,2020-07-08 23:28:00,247.0,26.0,True
404,creation_date,"Jun 27th, 2020 8:21 pm",2020-06-27 20:21:00,2020-06-27 20:21:00,247.0,26.0,True
409,creation_date,"May 17th, 2020 12:40 pm",2020-05-17 12:40:00,2020-05-17 12:40:00,245.0,26.0,True
410,creation_date,"Jul 14th, 2020 1:10 am",2020-07-14 01:10:00,2020-07-14 01:10:00,246.0,26.0,True
412,creation_date,"Jul 12th, 2020 9:45 am",2020-07-12 09:45:00,2020-07-12 09:45:00,246.0,26.0,True
416,creation_date,"Jun 4th, 2020 3:44 am",2020-06-04 03:44:00,2020-06-04 03:44:00,246.0,26.0,True
417,creation_date,"Jul 13th, 2020 4:12 pm",2020-07-13 16:12:00,2020-07-13 16:12:00,247.0,26.0,True
424,creation_date,"Mar 27th, 2020 3:03 pm",2020-03-27 15:03:00,2020-03-27 15:03:00,247.0,26.0,True
426,creation_date,"Jul 11th, 2020 10:37 pm",2020-07-11 22:37:00,2020-07-11 22:37:00,247.0,26.0,True
427,creation_date,"Jul 13th, 2020 2:54 pm",2020-07-13 14:54:00,2020-07-13 14:54:00,247.0,26.0,True
428,creation_date,"Jul 13th, 2020 5:16 pm",2020-07-13 17:16:00,2020-07-13 17:16:00,247.0,26.0,True
429,creation_date,"Jul 13th, 2020 4:58 am",2020-07-13 04:58:00,2020-07-13 04:58:00,246.0,26.0,True
430,creation_date,"Jul 13th, 2020 5:02 pm",2020-07-13 17:02:00,2020-07-13 17:02:00,247.0,26.0,True
433,creation_date,"Jul 13th, 2020 12:24 pm",2020-07-13 12:24:00,2020-07-13 12:24:00,247.0,26.0,True
434,creation_date,"Jun 25th, 2020 12:51 am",2020-06-25 00:51:00,2020-06-25 00:51:00,246.0,26.0,True
445,creation_date,"Jul 13th, 2020 2:39 pm",2020-07-13 14:39:00,2020-07-13 14:39:00,247.0,26.0,True
464,creation_date,"Jul 11th, 2020 1:03 pm",2020-07-11 13:03:00,2020-07-11 13:03:00,247.0,26.0,True
468,creation_date,"Jun 22nd, 2020 8:33 pm",2020-06-22 20:33:00,2020-06-22 20:33:00,248.0,26.0,True
470,creation_date,"Jul 13th, 2020 8:53 am",2020-07-13 08:53:00,2020-07-13 08:53:00,246.0,26.0,True
479,creation_date,"Jul 12th, 2020 9:43 am",2020-07-12 09:43:00,2020-07-12 09:43:00,246.0,26.0,True
482,creation_date,"Jun 17th, 2020 3:12 pm",2020-06-17 15:12:00,2020-06-17 15:12:00,247.0,26.0,True
486,creation_date,"Jul 12th, 2020 11:01 pm",2020-07-12 23:01:00,2020-07-12 23:01:00,247.0,26.0,True
490,creation_date,"Jun 3rd, 2020 10:55 pm",2020-06-03 22:55:00,2020-06-03 22:55:00,248.0,26.0,True
493,creation_date,"Jul 12th, 2020 8:04 pm",2020-07-12 20:04:00,2020-07-12 20:04:00,247.0,26.0,True
496,creation_date,"Jul 11th, 2020 9:37 pm",2020-07-11 21:37:00,2020-07-11 21:37:00,247.0,26.0,True
497,creation_date,"Jul 12th, 2020 8:11 am",2020-07-12 08:11:00,2020-07-12 08:11:00,246.0,26.0,True
499,creation_date,"Jul 3rd, 2020 5:21 pm",2020-07-03 17:21:00,2020-07-03 17:21:00,248.0,26.0,True
500,creation_date,"Jul 10th, 2020 10:39 am",2020-07-10 10:39:00,2020-07-10 10:39:00,246.0,26.0,True
501,creation_date,"Jun 30th, 2020 4:22 pm",2020-06-30 16:22:00,2020-06-30 16:22:00,247.0,26.0,True
503,creation_date,"Jun 9th, 2020 1:30 pm",2020-06-09 13:30:00,2020-06-09 13:30:00,247.0,26.0,True
511,creation_date,"Jul 10th, 2020 7:31 pm",2020-07-10 19:31:00,2020-07-10 19:31:00,247.0,26.0,True
515,creation_date,"Jul 11th, 2020 4:09 pm",2020-07-11 16:09:00,2020-07-11 16:09:00,247.0,26.0,True
516,creation_date,"Jul 4th, 2020 7:49 pm",2020-07-04 19:49:00,2020-07-04 19:49:00,247.0,26.0,True
519,creation_date,"May 4th, 2020 10:47 am",2020-05-04 10:47:00,2020-05-04 10:47:00,244.0,26.0,True
523,creation_date,"Jul 11th, 2020 12:32 pm",2020-07-11 12:32:00,2020-07-11 12:32:00,247.0,26.0,True
529,creation_date,"May 3rd, 2020 9:46 am",2020-05-03 09:46:00,2020-05-03 09:46:00,245.0,26.0,True
532,creation_date,"Jun 27th, 2020 11:45 pm",2020-06-27 23:45:00,2020-06-27 23:45:00,247.0,26.0,True
535,creation_date,"Jul 1st, 2020 1:06 pm",2020-07-01 13:06:00,2020-07-01 13:06:00,247.0,26.0,True
536,creation_date,"Jul 11th, 2020 5:30 pm",2020-07-11 17:30:00,2020-07-11 17:30:00,247.0,26.0,True
537,creation_date,"Jul 11th, 2020 7:06 pm",2020-07-11 19:06:00,2020-07-11 19:06:00,247.0,26.0,True
540,creation_date,"Jul 11th, 2020 8:36 pm",2020-07-11 20:36:00,2020-07-11 20:36:00,247.0,26.0,True
546,creation_date,"Jul 11th, 2020 5:57 pm",2020-07-11 17:57:00,2020-07-11 17:57:00,247.0,26.0,True
549,creation_date,"Jul 11th, 2020 11:45 am",2020-07-11 11:45:00,2020-07-11 11:45:00,246.0,26.0,True
553,creation_date,"Jul 9th, 2020 2:28 pm",2020-07-09 14:28:00,2020-07-09 14:28:00,247.0,26.0,True
566,creation_date,"Jul 9th, 2020 11:51 am",2020-07-09 11:51:00,2020-07-09 11:51:00,246.0,26.0,True
569,creation_date,"Jul 11th, 2020 12:47 pm",2020-07-11 12:47:00,2020-07-11 12:47:00,247.0,26.0,True
575,creation_date,"Jul 11th, 2020 10:58 am",2020-07-11 10:58:00,2020-07-11 10:58:00,246.0,26.0,True
579,creation_date,"Jul 9th, 2020 5:54 pm",2020-07-09 17:54:00,2020-07-09 17:54:00,247.0,26.0,True
585,creation_date,"Jun 26th, 2020 11:08 pm",2020-06-26 23:08:00,2020-06-26 23:08:00,247.0,26.0,True
591,creation_date,"Jun 26th, 2020 8:42 am",2020-06-26 08:42:00,2020-06-26 08:42:00,246.0,26.0,True
592,creation_date,"Jul 4th, 2020 4:55 pm",2020-07-04 16:55:00,2020-07-04 16:55:00,247.0,26.0,True
593,creation_date,"Jul 3rd, 2020 9:57 pm",2020-07-03 21:57:00,2020-07-03 21:57:00,248.0,26.0,True
594,creation_date,"Jul 4th, 2020 1:01 pm",2020-07-04 13:01:00,2020-07-04 13:01:00,247.0,26.0,True
598,creation_date,"Jul 7th, 2020 6:01 am",2020-07-07 06:01:00,2020-07-07 06:01:00,246.0,26.0,True
600,creation_date,"Jul 9th, 2020 3:29 pm",2020-07-09 15:29:00,2020-07-09 15:29:00,247.0,26.0,True
603,creation_date,"Jun 23rd, 2020 9:16 am",2020-06-23 09:16:00,2020-06-23 09:16:00,247.0,26.0,True
606,creation_date,"Jul 10th, 2020 2:55 pm",2020-07-10 14:55:00,2020-07-10 14:55:00,247.0,26.0,True
615,creation_date,"Jul 10th, 2020 7:52 am",2020-07-10 07:52:00,2020-07-10 07:52:00,246.0,26.0,True
621,creation_date,"Jul 10th, 2020 11:05 am",2020-07-10 11:05:00,2020-07-10 11:05:00,246.0,26.0,True
631,creation_date,"Jul 10th, 2020 8:26 am",2020-07-10 08:26:00,2020-07-10 08:26:00,246.0,26.0,True
634,creation_date,"Jun 22nd, 2020 4:16 pm",2020-06-22 16:16:00,2020-06-22 16:16:00,248.0,26.0,True
637,creation_date,"Jul 9th, 2020 1:40 pm",2020-07-09 13:40:00,2020-07-09 13:40:00,247.0,26.0,True
639,creation_date,"Jun 25th, 2020 9:13 am",2020-06-25 09:13:00,2020-06-25 09:13:00,246.0,26.0,True
643,creation_date,"Jul 9th, 2020 8:59 am",2020-07-09 08:59:00,2020-07-09 08:59:00,246.0,26.0,True
650,creation_date,"Jul 9th, 2020 4:42 pm",2020-07-09 16:42:00,2020-07-09 16:42:00,247.0,26.0,True
654,creation_date,"Jul 4th, 2020 8:53 pm",2020-07-04 20:53:00,2020-07-04 20:53:00,247.0,26.0,True
656,creation_date,"Jul 9th, 2020 4:55 pm",2020-07-09 16:55:00,2020-07-09 16:55:00,247.0,26.0,True
658,creation_date,"Jul 9th, 2020 10:42 am",2020-07-09 10:42:00,2020-07-09 10:42:00,246.0,26.0,True
663,creation_date,"Jul 9th, 2020 8:38 am",2020-07-09 08:38:00,2020-07-09 08:38:00,246.0,26.0,True
666,creation_date,"Jul 8th, 2020 12:45 pm",2020-07-08 12:45:00,2020-07-08 12:45:00,247.0,26.0,True
669,creation_date,"Jul 8th, 2020 6:08 am",2020-07-08 06:08:00,2020-07-08 06:08:00,246.0,26.0,True
670,creation_date,"Jul 7th, 2020 9:07 pm",2020-07-07 21:07:00,2020-07-07 21:07:00,247.0,26.0,True
671,creation_date,"Jun 15th, 2020 12:12 pm",2020-06-15 12:12:00,2020-06-15 12:12:00,247.0,26.0,True
672,creation_date,"Jul 7th, 2020 2:55 pm",2020-07-07 14:55:00,2020-07-07 14:55:00,247.0,26.0,True
673,creation_date,"Jul 7th, 2020 12:31 am",2020-07-07 00:31:00,2020-07-07 00:31:00,246.0,26.0,True
676,creation_date,"Jul 9th, 2020 5:00 am",2020-07-09 05:00:00,2020-07-09 05:00:00,246.0,26.0,True
677,creation_date,"May 17th, 2020 5:18 pm",2020-05-17 17:18:00,2020-05-17 17:18:00,245.0,26.0,True
678,creation_date,"Jul 8th, 2020 2:19 pm",2020-07-08 14:19:00,2020-07-08 14:19:00,247.0,26.0,True
679,creation_date,"Jul 9th, 2020 10:11 am",2020-07-09 10:11:00,2020-07-09 10:11:00,246.0,26.0,True
684,creation_date,"Jun 27th, 2020 8:43 am",2020-06-27 08:43:00,2020-06-27 08:43:00,246.0,26.0,True
686,creation_date,"Jul 2nd, 2020 11:16 am",2020-07-02 11:16:00,2020-07-02 11:16:00,247.0,26.0,True
687,creation_date,"Jun 17th, 2020 11:43 am",2020-06-17 11:43:00,2020-06-17 11:43:00,246.0,26.0,True
689,creation_date,"Feb 3rd, 2020 11:10 am",2020-02-03 11:10:00,2020-02-03 11:10:00,247.0,26.0,True
690,creation_date,"Jul 8th, 2020 10:36 am",2020-07-08 10:36:00,2020-07-08 10:36:00,246.0,26.0,True
693,creation_date,"Jul 8th, 2020 4:45 pm",2020-07-08 16:45:00,2020-07-08 16:45:00,247.0,26.0,True
694,creation_date,"Jul 8th, 2020 3:01 am",2020-07-08 03:01:00,2020-07-08 03:01:00,246.0,26.0,True
695,creation_date,"Jul 7th, 2020 9:57 pm",2020-07-07 21:57:00,2020-07-07 21:57:00,247.0,26.0,True
700,creation_date,"Jun 29th, 2020 12:54 pm",2020-06-29 12:54:00,2020-06-29 12:54:00,247.0,26.0,True
712,creation_date,"Jul 6th, 2020 8:28 am",2020-07-06 08:28:00,2020-07-06 08:28:00,246.0,26.0,True
714,creation_date,"Jul 7th, 2020 11:01 pm",2020-07-07 23:01:00,2020-07-07 23:01:00,247.0,26.0,True
715,creation_date,"Jul 6th, 2020 9:32 pm",2020-07-06 21:32:00,2020-07-06 21:32:00,247.0,26.0,True
716,creation_date,"Jul 7th, 2020 9:07 pm",2020-07-07 21:07:00,2020-07-07 21:07:00,247.0,26.0,True
717,creation_date,"Jul 8th, 2020 12:15 pm",2020-07-08 12:15:00,2020-07-08 12:15:00,247.0,26.0,True
718,creation_date,"Jun 19th, 2020 12:01 pm",2020-06-19 12:01:00,2020-06-19 12:01:00,247.0,26.0,True
722,creation_date,"Jun 22nd, 2020 1:21 pm",2020-06-22 13:21:00,2020-06-22 13:21:00,248.0,26.0,True
728,creation_date,"Jul 7th, 2020 4:39 pm",2020-07-07 16:39:00,2020-07-07 16:39:00,247.0,26.0,True
729,creation_date,"Jun 11th, 2020 3:04 am",2020-06-11 03:04:00,2020-06-11 03:04:00,246.0,26.0,True
730,creation_date,"Jun 27th, 2020 12:15 pm",2020-06-27 12:15:00,2020-06-27 12:15:00,247.0,26.0,True
733,creation_date,"Jul 1st, 2020 7:23 am",2020-07-01 07:23:00,2020-07-01 07:23:00,246.0,26.0,True
740,creation_date,"Jul 5th, 2020 7:32 pm",2020-07-05 19:32:00,2020-07-05 19:32:00,247.0,26.0,True
750,creation_date,"Jul 3rd, 2020 1:32 pm",2020-07-03 13:32:00,2020-07-03 13:32:00,248.0,26.0,True
756,creation_date,"Jul 7th, 2020 11:53 am",2020-07-07 11:53:00,2020-07-07 11:53:00,246.0,26.0,True
757,creation_date,"Jul 7th, 2020 11:06 am",2020-07-07 11:06:00,2020-07-07 11:06:00,246.0,26.0,True
760,creation_date,"Jul 4th, 2020 6:13 pm",2020-07-04 18:13:00,2020-07-04 18:13:00,247.0,26.0,True
765,creation_date,"Jul 3rd, 2020 10:24 pm",2020-07-03 22:24:00,2020-07-03 22:24:00,248.0,26.0,True
771,creation_date,"Jul 6th, 2020 3:40 pm",2020-07-06 15:40:00,2020-07-06 15:40:00,247.0,26.0,True
773,creation_date,"Jul 6th, 2020 11:45 am",2020-07-06 11:45:00,2020-07-06 11:45:00,246.0,26.0,True
778,creation_date,"Jul 7th, 2020 8:48 am",2020-07-07 08:48:00,2020-07-07 08:48:00,246.0,26.0,True
779,creation_date,"Jul 7th, 2020 8:24 am",2020-07-07 08:24:00,2020-07-07 08:24:00,246.0,26.0,True
780,creation_date,"Jul 5th, 2020 12:10 pm",2020-07-05 12:10:00,2020-07-05 12:10:00,247.0,26.0,True
782,creation_date,"Jun 12th, 2020 1:03 am",2020-06-12 01:03:00,2020-06-12 01:03:00,246.0,26.0,True
789,creation_date,"Jul 6th, 2020 3:18 pm",2020-07-06 15:18:00,2020-07-06 15:18:00,247.0,26.0,True
794,creation_date,"Jul 5th, 2020 8:24 pm",2020-07-05 20:24:00,2020-07-05 20:24:00,247.0,26.0,True
797,creation_date,"Jul 6th, 2020 9:23 am",2020-07-06 09:23:00,2020-07-06 09:23:00,246.0,26.0,True
800,creation_date,"Jul 6th, 2020 2:20 pm",2020-07-06 14:20:00,2020-07-06 14:20:00,247.0,26.0,True
804,creation_date,"Jul 5th, 2020 3:11 pm",2020-07-05 15:11:00,2020-07-05 15:11:00,247.0,26.0,True
806,creation_date,"May 23rd, 2020 12:26 pm",2020-05-23 12:26:00,2020-05-23 12:26:00,246.0,26.0,True
807,creation_date,"Jul 6th, 2020 11:18 am",2020-07-06 11:18:00,2020-07-06 11:18:00,246.0,26.0,True
810,creation_date,"Jul 6th, 2020 1:29 pm",2020-07-06 13:29:00,2020-07-06 13:29:00,247.0,26.0,True
813,creation_date,"Jul 6th, 2020 11:48 am",2020-07-06 11:48:00,2020-07-06 11:48:00,246.0,26.0,True
815,creation_date,"Apr 21st, 2020 7:01 pm",2020-04-21 19:01:00,2020-04-21 19:01:00,247.0,26.0,True
817,creation_date,"Jul 6th, 2020 2:11 pm",2020-07-06 14:11:00,2020-07-06 14:11:00,247.0,26.0,True
821,creation_date,"May 6th, 2020 6:00 pm",2020-05-06 18:00:00,2020-05-06 18:00:00,245.0,26.0,True
822,creation_date,"Jul 6th, 2020 11:55 am",2020-07-06 11:55:00,2020-07-06 11:55:00,246.0,26.0,True
823,creation_date,"Jul 4th, 2020 11:53 am",2020-07-04 11:53:00,2020-07-04 11:53:00,246.0,26.0,True
825,creation_date,"Jul 6th, 2020 6:39 am",2020-07-06 06:39:00,2020-07-06 06:39:00,246.0,26.0,True
826,creation_date,"Jun 25th, 2020 9:18 pm",2020-06-25 21:18:00,2020-06-25 21:18:00,247.0,26.0,True
828,creation_date,"Jul 4th, 2020 3:13 pm",2020-07-04 15:13:00,2020-07-04 15:13:00,247.0,26.0,True
830,creation_date,"Jul 5th, 2020 8:18 am",2020-07-05 08:18:00,2020-07-05 08:18:00,246.0,26.0,True
831,creation_date,"Jul 5th, 2020 12:24 pm",2020-07-05 12:24:00,2020-07-05 12:24:00,247.0,26.0,True
835,creation_date,"Jul 5th, 2020 12:30 pm",2020-07-05 12:30:00,2020-07-05 12:30:00,247.0,26.0,True
836,creation_date,"Jul 3rd, 2020 2:02 am",2020-07-03 02:02:00,2020-07-03 02:02:00,247.0,26.0,True
841,creation_date,"Jun 28th, 2020 6:01 am",2020-06-28 06:01:00,2020-06-28 06:01:00,246.0,26.0,True
846,creation_date,"Apr 22nd, 2020 6:43 pm",2020-04-22 18:43:00,2020-04-22 18:43:00,248.0,26.0,True
848,creation_date,"Jul 5th, 2020 6:05 pm",2020-07-05 18:05:00,2020-07-05 18:05:00,247.0,26.0,True
850,creation_date,"Jul 5th, 2020 8:51 pm",2020-07-05 20:51:00,2020-07-05 20:51:00,247.0,26.0,True
852,creation_date,"Jul 5th, 2020 2:35 pm",2020-07-05 14:35:00,2020-07-05 14:35:00,247.0,26.0,True
853,creation_date,"Jun 12th, 2020 12:57 pm",2020-06-12 12:57:00,2020-06-12 12:57:00,247.0,26.0,True
855,creation_date,"Jul 4th, 2020 9:03 pm",2020-07-04 21:03:00,2020-07-04 21:03:00,247.0,26.0,True
858,creation_date,"Jul 5th, 2020 3:49 pm",2020-07-05 15:49:00,2020-07-05 15:49:00,247.0,26.0,True
860,creation_date,"Jun 29th, 2020 10:49 am",2020-06-29 10:49:00,2020-06-29 10:49:00,246.0,26.0,True
861,creation_date,"Jun 30th, 2020 7:14 pm",2020-06-30 19:14:00,2020-06-30 19:14:00,247.0,26.0,True
862,creation_date,"Jul 5th, 2020 3:30 pm",2020-07-05 15:30:00,2020-07-05 15:30:00,247.0,26.0,True
864,creation_date,"Jun 21st, 2020 4:42 am",2020-06-21 04:42:00,2020-06-21 04:42:00,246.0,26.0,True
866,creation_date,"Jul 5th, 2020 12:42 am",2020-07-05 00:42:00,2020-07-05 00:42:00,246.0,26.0,True
868,creation_date,"Jun 29th, 2020 10:07 am",2020-06-29 10:07:00,2020-06-29 10:07:00,246.0,26.0,True
871,creation_date,"Jul 5th, 2020 11:25 am",2020-07-05 11:25:00,2020-07-05 11:25:00,246.0,26.0,True
884,creation_date,"Jul 1st, 2020 12:42 am",2020-07-01 00:42:00,2020-07-01 00:42:00,246.0,26.0,True
885,creation_date,"Jun 26th, 2020 10:03 am",2020-06-26 10:03:00,2020-06-26 10:03:00,246.0,26.0,True
887,creation_date,"Jun 24th, 2020 10:31 am",2020-06-24 10:31:00,2020-06-24 10:31:00,246.0,26.0,True
891,creation_date,"Mar 29th, 2020 6:28 am",2020-03-29 06:28:00,2020-03-29 06:28:00,246.0,26.0,True
894,creation_date,"Jun 18th, 2020 4:35 pm",2020-06-18 16:35:00,2020-06-18 16:35:00,247.0,26.0,True
897,creation_date,"Jul 3rd, 2020 6:25 pm",2020-07-03 18:25:00,2020-07-03 18:25:00,248.0,26.0,True
901,creation_date,"Jul 1st, 2020 8:21 am",2020-07-01 08:21:00,2020-07-01 08:21:00,246.0,26.0,True
902,creation_date,"Jun 17th, 2020 10:11 am",2020-06-17 10:11:00,2020-06-17 10:11:00,246.0,26.0,True
907,creation_date,"Jul 1st, 2020 10:58 pm",2020-07-01 22:58:00,2020-07-01 22:58:00,247.0,26.0,True
908,creation_date,"Jul 1st, 2020 7:46 am",2020-07-01 07:46:00,2020-07-01 07:46:00,246.0,26.0,True
909,creation_date,"May 20th, 2020 6:24 pm",2020-05-20 18:24:00,2020-05-20 18:24:00,245.0,26.0,True
911,creation_date,"Jun 22nd, 2020 2:41 pm",2020-06-22 14:41:00,2020-06-22 14:41:00,248.0,26.0,True
913,creation_date,"Apr 10th, 2020 6:39 pm",2020-04-10 18:39:00,2020-04-10 18:39:00,247.0,26.0,True
914,creation_date,"Jun 17th, 2020 5:18 pm",2020-06-17 17:18:00,2020-06-17 17:18:00,247.0,26.0,True
922,creation_date,"Jun 29th, 2020 3:29 pm",2020-06-29 15:29:00,2020-06-29 15:29:00,247.0,26.0,True
927,creation_date,"Jul 3rd, 2020 11:25 am",2020-07-03 11:25:00,2020-07-03 11:25:00,247.0,26.0,True
930,creation_date,"Jul 3rd, 2020 5:29 pm",2020-07-03 17:29:00,2020-07-03 17:29:00,248.0,26.0,True
935,creation_date,"May 14th, 2020 9:47 pm",2020-05-14 21:47:00,2020-05-14 21:47:00,245.0,26.0,True
946,creation_date,"Jul 3rd, 2020 9:40 am",2020-07-03 09:40:00,2020-07-03 09:40:00,247.0,26.0,True
953,creation_date,"Jun 25th, 2020 12:22 am",2020-06-25 00:22:00,2020-06-25 00:22:00,246.0,26.0,True
960,creation_date,"Jul 3rd, 2020 5:18 am",2020-07-03 05:18:00,2020-07-03 05:18:00,247.0,26.0,True
961,creation_date,"Jun 23rd, 2020 11:11 am",2020-06-23 11:11:00,2020-06-23 11:11:00,247.0,26.0,True
962,creation_date,"Jun 29th, 2020 1:32 am",2020-06-29 01:32:00,2020-06-29 01:32:00,246.0,26.0,True
975,creation_date,"Jun 19th, 2020 1:50 pm",2020-06-19 13:50:00,2020-06-19 13:50:00,247.0,26.0,True
984,creation_date,"Jun 15th, 2020 7:35 pm",2020-06-15 19:35:00,2020-06-15 19:35:00,247.0,26.0,True
987,creation_date,"Jul 1st, 2020 11:36 am",2020-07-01 11:36:00,2020-07-01 11:36:00,246.0,26.0,True
988,creation_date,"Jul 1st, 2020 8:38 am",2020-07-01 08:38:00,2020-07-01 08:38:00,246.0,26.0,True
989,creation_date,"Jul 1st, 2020 11:16 am",2020-07-01 11:16:00,2020-07-01 11:16:00,246.0,26.0,True
990,creation_date,"Jun 8th, 2020 8:34 am",2020-06-08 08:34:00,2020-06-08 08:34:00,246.0,26.0,True
992,creation_date,"Jul 2nd, 2020 12:11 pm",2020-07-02 12:11:00,2020-07-02 12:11:00,248.0,26.0,True
993,creation_date,"Jun 11th, 2020 12:26 pm",2020-06-11 12:26:00,2020-06-11 12:26:00,247.0,26.0,True
994,creation_date,"Jun 14th, 2020 6:36 pm",2020-06-14 18:36:00,2020-06-14 18:36:00,247.0,26.0,True
1005,creation_date,"Jul 1st, 2020 11:43 am",2020-07-01 11:43:00,2020-07-01 11:43:00,246.0,26.0,True
1008,creation_date,"Jul 1st, 2020 7:36 pm",2020-07-01 19:36:00,2020-07-01 19:36:00,247.0,26.0,True
1013,creation_date,"Jun 15th, 2020 12:41 pm",2020-06-15 12:41:00,2020-06-15 12:41:00,247.0,26.0,True
1014,creation_date,"Jun 25th, 2020 12:33 pm",2020-06-25 12:33:00,2020-06-25 12:33:00,247.0,26.0,True
1015,creation_date,"Jul 1st, 2020 3:22 pm",2020-07-01 15:22:00,2020-07-01 15:22:00,247.0,26.0,True
1018,creation_date,"Jul 1st, 2020 12:42 pm",2020-07-01 12:42:00,2020-07-01 12:42:00,247.0,26.0,True
1025,creation_date,"Jun 26th, 2020 5:07 pm",2020-06-26 17:07:00,2020-06-26 17:07:00,247.0,26.0,True
1028,creation_date,"Jul 1st, 2020 1:11 pm",2020-07-01 13:11:00,2020-07-01 13:11:00,247.0,26.0,True
1034,creation_date,"Jul 1st, 2020 11:18 am",2020-07-01 11:18:00,2020-07-01 11:18:00,246.0,26.0,True
1035,creation_date,"Jun 30th, 2020 11:53 am",2020-06-30 11:53:00,2020-06-30 11:53:00,246.0,26.0,True
1043,creation_date,"Jun 30th, 2020 7:40 pm",2020-06-30 19:40:00,2020-06-30 19:40:00,247.0,26.0,True
1045,creation_date,"Jul 1st, 2020 7:26 am",2020-07-01 07:26:00,2020-07-01 07:26:00,246.0,26.0,True
1047,creation_date,"Jun 30th, 2020 7:15 pm",2020-06-30 19:15:00,2020-06-30 19:15:00,247.0,26.0,True
1049,creation_date,"Jun 30th, 2020 7:55 pm",2020-06-30 19:55:00,2020-06-30 19:55:00,247.0,26.0,True
1050,creation_date,"Jul 1st, 2020 2:59 am",2020-07-01 02:59:00,2020-07-01 02:59:00,246.0,26.0,True
1052,creation_date,"Jun 27th, 2020 11:06 am",2020-06-27 11:06:00,2020-06-27 11:06:00,246.0,26.0,True
1053,creation_date,"Jun 23rd, 2020 5:59 pm",2020-06-23 17:59:00,2020-06-23 17:59:00,248.0,26.0,True
1054,creation_date,"Jun 29th, 2020 3:08 pm",2020-06-29 15:08:00,2020-06-29 15:08:00,247.0,26.0,True
1058,creation_date,"Jun 30th, 2020 1:29 am",2020-06-30 01:29:00,2020-06-30 01:29:00,246.0,26.0,True
1061,creation_date,"Jun 30th, 2020 4:45 pm",2020-06-30 16:45:00,2020-06-30 16:45:00,247.0,26.0,True
1067,creation_date,"Jun 30th, 2020 7:23 pm",2020-06-30 19:23:00,2020-06-30 19:23:00,247.0,26.0,True
1071,creation_date,"Jun 29th, 2020 1:27 pm",2020-06-29 13:27:00,2020-06-29 13:27:00,247.0,26.0,True
1077,creation_date,"Jun 30th, 2020 6:59 am",2020-06-30 06:59:00,2020-06-30 06:59:00,246.0,26.0,True
1078,creation_date,"May 4th, 2020 3:05 pm",2020-05-04 15:05:00,2020-05-04 15:05:00,245.0,26.0,True
1084,creation_date,"Jun 30th, 2020 3:08 pm",2020-06-30 15:08:00,2020-06-30 15:08:00,247.0,26.0,True
1089,creation_date,"Jun 30th, 2020 1:59 pm",2020-06-30 13:59:00,2020-06-30 13:59:00,247.0,26.0,True
1092,creation_date,"Jun 26th, 2020 10:46 am",2020-06-26 10:46:00,2020-06-26 10:46:00,246.0,26.0,True
1093,creation_date,"Jun 30th, 2020 2:11 am",2020-06-30 02:11:00,2020-06-30 02:11:00,246.0,26.0,True
1094,creation_date,"Jun 27th, 2020 4:59 pm",2020-06-27 16:59:00,2020-06-27 16:59:00,247.0,26.0,True
1097,creation_date,"Jun 24th, 2020 9:01 am",2020-06-24 09:01:00,2020-06-24 09:01:00,246.0,26.0,True
1104,creation_date,"Jun 30th, 2020 12:41 am",2020-06-30 00:41:00,2020-06-30 00:41:00,246.0,26.0,True
1107,creation_date,"Jun 30th, 2020 12:47 am",2020-06-30 00:47:00,2020-06-30 00:47:00,246.0,26.0,True
1109,creation_date,"Jun 25th, 2020 6:46 pm",2020-06-25 18:46:00,2020-06-25 18:46:00,247.0,26.0,True
1110,creation_date,"Jun 29th, 2020 10:58 am",2020-06-29 10:58:00,2020-06-29 10:58:00,246.0,26.0,True
1114,creation_date,"Jun 29th, 2020 9:46 pm",2020-06-29 21:46:00,2020-06-29 21:46:00,247.0,26.0,True
1115,creation_date,"Jun 24th, 2020 8:18 pm",2020-06-24 20:18:00,2020-06-24 20:18:00,247.0,26.0,True
1118,creation_date,"May 23rd, 2020 7:06 pm",2020-05-23 19:06:00,2020-05-23 19:06:00,246.0,26.0,True
1119,creation_date,"Jun 29th, 2020 7:36 pm",2020-06-29 19:36:00,2020-06-29 19:36:00,247.0,26.0,True
1125,creation_date,"Jun 18th, 2020 2:53 pm",2020-06-18 14:53:00,2020-06-18 14:53:00,247.0,26.0,True
1128,creation_date,"Jun 29th, 2020 3:08 pm",2020-06-29 15:08:00,2020-06-29 15:08:00,247.0,26.0,True
1131,creation_date,"Jun 7th, 2020 12:52 am",2020-06-07 00:52:00,2020-06-07 00:52:00,246.0,26.0,True
1132,creation_date,"Jun 23rd, 2020 9:25 am",2020-06-23 09:25:00,2020-06-23 09:25:00,247.0,26.0,True
1134,creation_date,"May 24th, 2020 10:43 pm",2020-05-24 22:43:00,2020-05-24 22:43:00,245.0,26.0,True
1137,creation_date,"Jun 28th, 2020 5:46 pm",2020-06-28 17:46:00,2020-06-28 17:46:00,247.0,26.0,True
1139,creation_date,"Jun 29th, 2020 9:43 am",2020-06-29 09:43:00,2020-06-29 09:43:00,246.0,26.0,True
1142,creation_date,"Jun 29th, 2020 7:32 am",2020-06-29 07:32:00,2020-06-29 07:32:00,246.0,26.0,True
1145,creation_date,"Jun 21st, 2020 11:40 pm",2020-06-21 23:40:00,2020-06-21 23:40:00,247.0,26.0,True
1149,creation_date,"Jun 4th, 2020 3:26 pm",2020-06-04 15:26:00,2020-06-04 15:26:00,247.0,26.0,True
1150,creation_date,"Jun 5th, 2020 4:41 pm",2020-06-05 16:41:00,2020-06-05 16:41:00,247.0,26.0,True
1153,creation_date,"Jun 27th, 2020 7:47 pm",2020-06-27 19:47:00,2020-06-27 19:47:00,247.0,26.0,True
1156,creation_date,"Jun 22nd, 2020 10:58 am",2020-06-22 10:58:00,2020-06-22 10:58:00,247.0,26.0,True
1159,creation_date,"Jun 28th, 2020 11:50 am",2020-06-28 11:50:00,2020-06-28 11:50:00,246.0,26.0,True
1162,creation_date,"Jun 26th, 2020 10:20 am",2020-06-26 10:20:00,2020-06-26 10:20:00,246.0,26.0,True
1163,creation_date,"Jun 28th, 2020 3:27 pm",2020-06-28 15:27:00,2020-06-28 15:27:00,247.0,26.0,True
1164,creation_date,"Jun 26th, 2020 11:45 am",2020-06-26 11:45:00,2020-06-26 11:45:00,246.0,26.0,True
1169,creation_date,"Jun 25th, 2020 9:28 am",2020-06-25 09:28:00,2020-06-25 09:28:00,246.0,26.0,True
1172,creation_date,"Jun 27th, 2020 9:55 am",2020-06-27 09:55:00,2020-06-27 09:55:00,246.0,26.0,True
1179,creation_date,"Jun 26th, 2020 1:09 pm",2020-06-26 13:09:00,2020-06-26 13:09:00,247.0,26.0,True
1181,creation_date,"Jun 28th, 2020 10:47 am",2020-06-28 10:47:00,2020-06-28 10:47:00,246.0,26.0,True
1185,creation_date,"Jun 27th, 2020 4:13 pm",2020-06-27 16:13:00,2020-06-27 16:13:00,247.0,26.0,True
1187,creation_date,"Jun 27th, 2020 4:42 pm",2020-06-27 16:42:00,2020-06-27 16:42:00,247.0,26.0,True
1190,creation_date,"Jun 27th, 2020 9:57 pm",2020-06-27 21:57:00,2020-06-27 21:57:00,247.0,26.0,True
1195,creation_date,"Jun 27th, 2020 8:12 pm",2020-06-27 20:12:00,2020-06-27 20:12:00,247.0,26.0,True
1197,creation_date,"Jun 27th, 2020 7:42 pm",2020-06-27 19:42:00,2020-06-27 19:42:00,247.0,26.0,True
1198,creation_date,"Jun 27th, 2020 7:02 pm",2020-06-27 19:02:00,2020-06-27 19:02:00,247.0,26.0,True
1200,creation_date,"Jun 27th, 2020 6:38 am",2020-06-27 06:38:00,2020-06-27 06:38:00,246.0,26.0,True
1202,creation_date,"Jun 27th, 2020 1:01 pm",2020-06-27 13:01:00,2020-06-27 13:01:00,247.0,26.0,True
1204,creation_date,"Jun 25th, 2020 3:21 pm",2020-06-25 15:21:00,2020-06-25 15:21:00,247.0,26.0,True
1207,creation_date,"Jun 27th, 2020 2:00 pm",2020-06-27 14:00:00,2020-06-27 14:00:00,247.0,26.0,True
1208,creation_date,"May 20th, 2020 4:27 am",2020-05-20 04:27:00,2020-05-20 04:27:00,244.0,26.0,True
1212,creation_date,"Jun 27th, 2020 12:18 pm",2020-06-27 12:18:00,2020-06-27 12:18:00,247.0,26.0,True
1213,creation_date,"Jun 26th, 2020 9:58 pm",2020-06-26 21:58:00,2020-06-26 21:58:00,247.0,26.0,True
1215,creation_date,"Jun 27th, 2020 10:01 am",2020-06-27 10:01:00,2020-06-27 10:01:00,246.0,26.0,True
1216,creation_date,"Jun 12th, 2020 8:21 pm",2020-06-12 20:21:00,2020-06-12 20:21:00,247.0,26.0,True
1217,creation_date,"Jun 25th, 2020 10:34 am",2020-06-25 10:34:00,2020-06-25 10:34:00,246.0,26.0,True
1219,creation_date,"Jun 26th, 2020 10:53 pm",2020-06-26 22:53:00,2020-06-26 22:53:00,247.0,26.0,True
1220,creation_date,"Jun 20th, 2020 2:55 am",2020-06-20 02:55:00,2020-06-20 02:55:00,246.0,26.0,True
1221,creation_date,"Jun 27th, 2020 1:02 am",2020-06-27 01:02:00,2020-06-27 01:02:00,246.0,26.0,True
1226,creation_date,"Jun 20th, 2020 3:14 pm",2020-06-20 15:14:00,2020-06-20 15:14:00,247.0,26.0,True
1228,creation_date,"Jun 26th, 2020 10:17 pm",2020-06-26 22:17:00,2020-06-26 22:17:00,247.0,26.0,True
1229,creation_date,"Jun 25th, 2020 9:54 pm",2020-06-25 21:54:00,2020-06-25 21:54:00,247.0,26.0,True
1236,creation_date,"Jun 26th, 2020 8:35 pm",2020-06-26 20:35:00,2020-06-26 20:35:00,247.0,26.0,True
1243,creation_date,"Jun 25th, 2020 12:05 pm",2020-06-25 12:05:00,2020-06-25 12:05:00,247.0,26.0,True
1247,creation_date,"Jun 23rd, 2020 9:46 am",2020-06-23 09:46:00,2020-06-23 09:46:00,247.0,26.0,True
1248,creation_date,"Jun 26th, 2020 10:03 am",2020-06-26 10:03:00,2020-06-26 10:03:00,246.0,26.0,True
1249,creation_date,"Jun 24th, 2020 4:33 pm",2020-06-24 16:33:00,2020-06-24 16:33:00,247.0,26.0,True
1250,creation_date,"Jun 26th, 2020 9:52 am",2020-06-26 09:52:00,2020-06-26 09:52:00,246.0,26.0,True
1251,creation_date,"Jun 26th, 2020 5:01 pm",2020-06-26 17:01:00,2020-06-26 17:01:00,247.0,26.0,True
1252,creation_date,"Jun 26th, 2020 4:47 pm",2020-06-26 16:47:00,2020-06-26 16:47:00,247.0,26.0,True
1255,creation_date,"Jun 26th, 2020 1:23 pm",2020-06-26 13:23:00,2020-06-26 13:23:00,247.0,26.0,True
1257,creation_date,"Jun 26th, 2020 10:17 am",2020-06-26 10:17:00,2020-06-26 10:17:00,246.0,26.0,True
1259,creation_date,"Jun 26th, 2020 1:53 pm",2020-06-26 13:53:00,2020-06-26 13:53:00,247.0,26.0,True
1262,creation_date,"Jun 25th, 2020 10:12 pm",2020-06-25 22:12:00,2020-06-25 22:12:00,247.0,26.0,True
1266,creation_date,"Jun 26th, 2020 2:22 pm",2020-06-26 14:22:00,2020-06-26 14:22:00,247.0,26.0,True
1269,creation_date,"Jun 21st, 2020 8:36 pm",2020-06-21 20:36:00,2020-06-21 20:36:00,247.0,26.0,True
1271,creation_date,"Jun 21st, 2020 5:03 am",2020-06-21 05:03:00,2020-06-21 05:03:00,246.0,26.0,True
1272,creation_date,"Jun 26th, 2020 1:04 pm",2020-06-26 13:04:00,2020-06-26 13:04:00,247.0,26.0,True
1275,creation_date,"Jun 11th, 2020 4:32 am",2020-06-11 04:32:00,2020-06-11 04:32:00,246.0,26.0,True
1288,creation_date,"Jun 26th, 2020 12:55 am",2020-06-26 00:55:00,2020-06-26 00:55:00,246.0,26.0,True
1290,creation_date,"Jun 24th, 2020 6:34 pm",2020-06-24 18:34:00,2020-06-24 18:34:00,247.0,26.0,True
1293,creation_date,"Jun 23rd, 2020 8:12 am",2020-06-23 08:12:00,2020-06-23 08:12:00,247.0,26.0,True
1294,creation_date,"Jun 4th, 2020 6:30 pm",2020-06-04 18:30:00,2020-06-04 18:30:00,247.0,26.0,True
1296,creation_date,"Jun 23rd, 2020 10:33 am",2020-06-23 10:33:00,2020-06-23 10:33:00,247.0,26.0,True
1302,creation_date,"Jun 23rd, 2020 4:23 pm",2020-06-23 16:23:00,2020-06-23 16:23:00,248.0,26.0,True
1304,creation_date,"Jun 25th, 2020 10:56 am",2020-06-25 10:56:00,2020-06-25 10:56:00,246.0,26.0,True
1307,creation_date,"Jun 25th, 2020 6:56 pm",2020-06-25 18:56:00,2020-06-25 18:56:00,247.0,26.0,True
1309,creation_date,"Jun 25th, 2020 9:57 am",2020-06-25 09:57:00,2020-06-25 09:57:00,246.0,26.0,True
1314,creation_date,"Jun 25th, 2020 12:38 am",2020-06-25 00:38:00,2020-06-25 00:38:00,246.0,26.0,True
35,expiry,"July 22, 2020",2020-07-22 00:00:00,2020-07-22 00:00:00,236.0,26.0,True
44,expiry,"August 16, 2020",2020-08-16 00:00:00,2020-08-16 00:00:00,236.0,26.0,True
67,expiry,"September 30, 2020",2020-09-30 00:00:00,2020-09-30 00:00:00,236.0,26.0,True
75,expiry,"July 31, 2020",2020-07-31 00:00:00,2020-07-31 00:00:00,236.0,26.0,True
86,expiry,"August 1, 2020",2020-08-01 00:00:00,2020-08-01 00:00:00,236.0,26.0,True
91,expiry,"July 22, 2020",2020-07-22 00:00:00,2020-07-22 00:00:00,236.0,26.0,True
92,expiry,"July 31, 2020",2020-07-31 00:00:00,2020-07-31 00:00:00,236.0,26.0,True
93,expiry,"July 19, 2020",2020-07-19 00:00:00,2020-07-19 00:00:00,236.0,26.0,True
122,expiry,"July 31, 2020",2020-07-31 00:00:00,2020-07-31 00:00:00,236.0,26.0,True
125,expiry,"July 18, 2020",2020-07-18 00:00:00,2020-07-18 00:00:00,236.0,26.0,True
129,expiry,"July 12, 2020",2020-07-12 00:00:00,2020-07-12 00:00:00,236.0,26.0,True
158,expiry,"July 17, 2020",2020-07-17 00:00:00,2020-07-17 00:00:00,236.0,26.0,True
173,expiry,"July 16, 2020",2020-07-16 00:00:00,2020-07-16 00:00:00,236.0,26.0,True
180,expiry,"July 22, 2020",2020-07-22 00:00:00,2020-07-22 00:00:00,236.0,26.0,True
183,expiry,"August 30, 2020",2020-08-30 00:00:00,2020-08-30 00:00:00,236.0,26.0,True
186,expiry,"July 7, 2020",2020-07-07 00:00:00,2020-07-07 00:00:00,236.0,26.0,True
218,expiry,"July 16, 2020",2020-07-16 00:00:00,2020-07-16 00:00:00,236.0,26.0,True
221,expiry,"August 1, 2020",2020-08-01 00:00:00,2020-08-01 00:00:00,236.0,26.0,True
224,expiry,"July 20, 2020",2020-07-20 00:00:00,2020-07-20 00:00:00,236.0,26.0,True
234,expiry,"July 16, 2020",2020-07-16 00:00:00,2020-07-16 00:00:00,236.0,26.0,True
274,expiry,"November 30, 2020",2020-11-30 00:00:00,2020-11-30 00:00:00,236.0,26.0,True
293,expiry,"August 9, 2020",2020-08-09 00:00:00,2020-08-09 00:00:00,236.0,26.0,True
314,expiry,"July 21, 2020",2020-07-21 00:00:00,2020-07-21 00:00:00,236.0,26.0,True
315,expiry,"January 1, 2021",2021-01-01 00:00:00,2021-01-01 00:00:00,236.0,26.0,True
316,expiry,"July 13, 2020",2020-07-13 00:00:00,2020-07-13 00:00:00,236.0,26.0,True
322,expiry,"July 15, 2020",2020-07-15 00:00:00,2020-07-15 00:00:00,236.0,26.0,True
336,expiry,"September 30, 2020",2020-09-30 00:00:00,2020-09-30 00:00:00,236.0,26.0,True
369,expiry,"July 15, 2020",2020-07-15 00:00:00,2020-07-15 00:00:00,236.0,26.0,True
376,expiry,"August 31, 2020",2020-08-31 00:00:00,2020-08-31 00:00:00,236.0,26.0,True
377,expiry,"October 31, 2020",2020-10-31 00:00:00,2020-10-31 00:00:00,236.0,26.0,True
378,expiry,"July 13, 2020",2020-07-13 00:00:00,2020-07-13 00:00:00,236.0,26.0,True
382,expiry,"July 15, 2020",2020-07-15 00:00:00,2020-07-15 00:00:00,236.0,26.0,True
404,expiry,"July 2, 2020",2020-07-02 00:00:00,2020-07-02 00:00:00,236.0,26.0,True
416,expiry,"August 27, 2020",2020-08-27 00:00:00,2020-08-27 00:00:00,236.0,26.0,True
427,expiry,"July 16, 2020",2020-07-16 00:00:00,2020-07-16 00:00:00,236.0,26.0,True
433,expiry,"July 19, 2020",2020-07-19 00:00:00,2020-07-19 00:00:00,236.0,26.0,True
458,expiry,"July 2, 2020",2020-07-02 00:00:00,2020-07-02 00:00:00,236.0,26.0,True
467,expiry,"May 27, 2020",2020-05-27 00:00:00,2020-05-27 00:00:00,236.0,26.0,True
477,expiry,"July 2, 2020",2020-07-02 00:00:00,2020-07-02 00:00:00,236.0,26.0,True
500,expiry,"July 12, 2020",2020-07-12 00:00:00,2020-07-12 00:00:00,236.0,26.0,True
528,expiry,"July 15, 2020",2020-07-15 00:00:00,2020-07-15 00:00:00,236.0,26.0,True
555,expiry,"July 12, 2020",2020-07-12 00:00:00,2020-07-12 00:00:00,236.0,26.0,True
564,expiry,"July 5, 2020",2020-07-05 00:00:00,2020-07-05 00:00:00,236.0,26.0,True
570,expiry,"July 16, 2020",2020-07-16 00:00:00,2020-07-16 00:00:00,236.0,26.0,True
578,expiry,"July 15, 2020",2020-07-15 00:00:00,2020-07-15 00:00:00,236.0,26.0,True
592,expiry,"August 31, 2020",2020-08-31 00:00:00,2020-08-31 00:00:00,236.0,26.0,True
595,expiry,"July 16, 2020",2020-07-16 00:00:00,2020-07-16 00:00:00,236.0,26.0,True
599,expiry,"July 16, 2020",2020-07-16 00:00:00,2020-07-16 00:00:00,236.0,26.0,True
620,expiry,"July 16, 2020",2020-07-16 00:00:00,2020-07-16 00:00:00,236.0,26.0,True
624,expiry,"June 28, 2020",2020-06-28 00:00:00,2020-06-28 00:00:00,236.0,26.0,True
638,expiry,"July 10, 2020",2020-07-10 00:00:00,2020-07-10 00:00:00,236.0,26.0,True
666,expiry,"July 14, 2020",2020-07-14 00:00:00,2020-07-14 00:00:00,236.0,26.0,True
673,expiry,"July 9, 2020",2020-07-09 00:00:00,2020-07-09 00:00:00,236.0,26.0,True
696,expiry,"July 12, 2020",2020-07-12 00:00:00,2020-07-12 00:00:00,236.0,26.0,True
704,expiry,"July 14, 2020",2020-07-14 00:00:00,2020-07-14 00:00:00,236.0,26.0,True
733,expiry,"July 7, 2020",2020-07-07 00:00:00,2020-07-07 00:00:00,236.0,26.0,True
751,expiry,"July 7, 2020",2020-07-07 00:00:00,2020-07-07 00:00:00,236.0,26.0,True
761,expiry,"June 24, 2020",2020-06-24 00:00:00,2020-06-24 00:00:00,236.0,26.0,True
765,expiry,"July 9, 2020",2020-07-09 00:00:00,2020-07-09 00:00:00,236.0,26.0,True
769,expiry,"July 8, 2020",2020-07-08 00:00:00,2020-07-08 00:00:00,236.0,26.0,True
795,expiry,"July 5, 2020",2020-07-05 00:00:00,2020-07-05 00:00:00,236.0,26.0,True
809,expiry,"July 19, 2020",2020-07-19 00:00:00,2020-07-19 00:00:00,236.0,26.0,True
816,expiry,"July 17, 2020",2020-07-17 00:00:00,2020-07-17 00:00:00,236.0,26.0,True
820,expiry,"July 31, 2020",2020-07-31 00:00:00,2020-07-31 00:00:00,236.0,26.0,True
833,expiry,"July 5, 2020",2020-07-05 00:00:00,2020-07-05 00:00:00,236.0,26.0,True
845,expiry,"July 8, 2020",2020-07-08 00:00:00,2020-07-08 00:00:00,236.0,26.0,True
852,expiry,"July 6, 2020",2020-07-06 00:00:00,2020-07-06 00:00:00,236.0,26.0,True
869,expiry,"July 5, 2020",2020-07-05 00:00:00,2020-07-05 00:00:00,236.0,26.0,True
882,expiry,"July 8, 2020",2020-07-08 00:00:00,2020-07-08 00:00:00,236.0,26.0,True
896,expiry,"July 9, 2020",2020-07-09 00:00:00,2020-07-09 00:00:00,236.0,26.0,True
902,expiry,"June 30, 2020",2020-06-30 00:00:00,2020-06-30 00:00:00,236.0,26.0,True
918,expiry,"July 2, 2020",2020-07-02 00:00:00,2020-07-02 00:00:00,236.0,26.0,True
974,expiry,"July 2, 2020",2020-07-02 00:00:00,2020-07-02 00:00:00,236.0,26.0,True
986,expiry,"July 31, 2020",2020-07-31 00:00:00,2020-07-31 00:00:00,236.0,26.0,True
1001,expiry,"July 2, 2020",2020-07-02 00:00:00,2020-07-02 00:00:00,236.0,26.0,True
1008,expiry,"July 31, 2020",2020-07-31 00:00:00,2020-07-31 00:00:00,236.0,26.0,True
1012,expiry,"July 1, 2020",2020-07-01 00:00:00,2020-07-01 00:00:00,236.0,26.0,True
1021,expiry,"July 1, 2020",2020-07-01 00:00:00,2020-07-01 00:00:00,236.0,26.0,True
1037,expiry,"July 2, 2020",2020-07-02 00:00:00,2020-07-02 00:00:00,236.0,26.0,True
1060,expiry,"June 25, 2020",2020-06-25 00:00:00,2020-06-25 00:00:00,236.0,26.0,True
1072,expiry,"June 30, 2020",2020-06-30 00:00:00,2020-06-30 00:00:00,236.0,26.0,True
1076,expiry,"July 1, 2020",2020-07-01 00:00:00,2020-07-01 00:00:00,236.0,26.0,True
1078,expiry,"June 30, 2020",2020-06-30 00:00:00,2020-06-30 00:00:00,236.0,26.0,True
1083,expiry,"July 2, 2020",2020-07-02 00:00:00,2020-07-02 00:00:00,236.0,26.0,True
1089,expiry,"July 1, 2020",2020-07-01 00:00:00,2020-07-01 00:00:00,236.0,26.0,True
1098,expiry,"July 31, 2020",2020-07-31 00:00:00,2020-07-31 00:00:00,236.0,26.0,True
1101,expiry,"June 30, 2020",2020-06-30 00:00:00,2020-06-30 00:00:00,236.0,26.0,True
1104,expiry,"July 5, 2020",2020-07-05 00:00:00,2020-07-05 00:00:00,236.0,26.0,True
1114,expiry,"June 30, 2020",2020-06-30 00:00:00,2020-06-30 00:00:00,236.0,26.0,True
1119,expiry,"July 13, 2020",2020-07-13 00:00:00,2020-07-13 00:00:00,236.0,26.0,True
1131,expiry,"June 12, 2020",2020-06-12 00:00:00,2020-06-12 00:00:00,236.0,26.0,True
1138,expiry,"July 1, 2020",2020-07-01 00:00:00,2020-07-01 00:00:00,236.0,26.0,True
1143,expiry,"June 30, 2020",2020-06-30 00:00:00,2020-06-30 00:00:00,236.0,26.0,True
1148,expiry,"June 28, 2020",2020-06-28 00:00:00,2020-06-28 00:00:00,236.0,26.0,True
1166,expiry,"July 4, 2020",2020-07-04 00:00:00,2020-07-04 00:00:00,236.0,26.0,True
1168,expiry,"July 2, 2020",2020-07-02 00:00:00,2020-07-02 00:00:00,236.0,26.0,True
1174,expiry,"July 26, 2020",2020-07-26 00:00:00,2020-07-26 00:00:00,236.0,26.0,True
1195,expiry,"June 29, 2020",2020-06-29 00:00:00,2020-06-29 00:00:00,236.0,26.0,True
1219,expiry,"July 2, 2020",2020-07-02 00:00:00,2020-07-02 00:00:00,236.0,26.0,True
1232,expiry,"June 30, 2020",2020-06-30 00:00:00,2020-06-30 00:00:00,236.0,26.0,True
1237,expiry,"June 28, 2020",2020-06-28 00:00:00,2020-06-28 00:00:00,236.0,26.0,True
1245,expiry,"June 29, 2020",2020-06-29 00:00:00,2020-06-29 00:00:00,236.0,26.0,True
1250,expiry,"July 2, 2020",2020-07-02 00:00:00,2020-07-02 00:00:00,236.0,26.0,True
1273,expiry,"June 28, 2020",2020-06-28 00:00:00,2020-06-28 00:00:00,236.0,26.0,True
1290,expiry,"June 25, 2020",2020-06-25 00:00:00,2020-06-25 00:00:00,236.0,26.0,True
1299,expiry,"June 28, 2020",2020-06-28 00:00:00,2020-06-28 00:00:00,236.0,26.0,True
1305,expiry,"June 15, 2020",2020-06-15 00:00:00,2020-06-15 00:00:00,236.0,26.0,True
1323,expiry,"September 1, 2020",2020-09-01 00:00:00,2020-09-01 00:00:00,236.0,26.0,True
1324,expiry,"May 3, 2020",2020-05-03 00:00:00,2020-05-03 00:00:00,236.0,26.0,True
1,last_reply,"Jul 17th, 2020 9:18 am",2020-07-17 09:18:00,2020-07-17 09:18:00,246.0,26.0,True
2,last_reply,"Jul 17th, 2020 9:17 am",2020-07-17 09:17:00,2020-07-17 09:17:00,246.0,26.0,True
6,last_reply,"Jul 17th, 2020 9:14 am",2020-07-17 09:14:00,2020-07-17 09:14:00,246.0,26.0,True
8,last_reply,"Jul 17th, 2020 9:13 am",2020-07-17 09:13:00,2020-07-17 09:13:00,246.0,26.0,True
10,last_reply,"Jul 17th, 2020 9:12 am",2020-07-17 09:12:00,2020-07-17 09:12:00,246.0,26.0,True
11,last_reply,"Jul 17th, 2020 9:12 am",2020-07-17 09:12:00,2020-07-17 09:12:00,246.0,26.0,True
13,last_reply,"Jul 17th, 2020 9:11 am",2020-07-17 09:11:00,2020-07-17 09:11:00,246.0,26.0,True
18,last_reply,"Jul 17th, 2020 9:05 am",2020-07-17 09:05:00,2020-07-17 09:05:00,246.0,26.0,True
20,last_reply,"Jul 17th, 2020 8:59 am",2020-07-17 08:59:00,2020-07-17 08:59:00,246.0,26.0,True
21,last_reply,"Jul 17th, 2020 8:55 am",2020-07-17 08:55:00,2020-07-17 08:55:00,246.0,26.0,True
26,last_reply,"Jul 17th, 2020 8:43 am",2020-07-17 08:43:00,2020-07-17 08:43:00,246.0,26.0,True
35,last_reply,"Jul 17th, 2020 8:34 am",2020-07-17 08:34:00,2020-07-17 08:34:00,246.0,26.0,True
42,last_reply,"Jul 17th, 2020 8:28 am",2020-07-17 08:28:00,2020-07-17 08:28:00,246.0,26.0,True
50,last_reply,"Jul 17th, 2020 7:48 am",2020-07-17 07:48:00,2020-07-17 07:48:00,246.0,26.0,True
60,last_reply,"Jul 17th, 2020 5:31 am",2020-07-17 05:31:00,2020-07-17 05:31:00,246.0,26.0,True
74,last_reply,"Jul 17th, 2020 2:08 am",2020-07-17 02:08:00,2020-07-17 02:08:00,246.0,26.0,True
75,last_reply,"Jul 17th, 2020 2:06 am",2020-07-17 02:06:00,2020-07-17 02:06:00,246.0,26.0,True
81,last_reply,"Jul 17th, 2020 1:12 am",2020-07-17 01:12:00,2020-07-17 01:12:00,246.0,26.0,True
85,last_reply,"Jul 17th, 2020 12:26 am",2020-07-17 00:26:00,2020-07-17 00:26:00,246.0,26.0,True
97,last_reply,"Jul 16th, 2020 11:26 pm",2020-07-16 23:26:00,2020-07-16 23:26:00,247.0,26.0,True
98,last_reply,"Jul 16th, 2020 11:23 pm",2020-07-16 23:23:00,2020-07-16 23:23:00,247.0,26.0,True
99,last_reply,"Jul 16th, 2020 11:15 pm",2020-07-16 23:15:00,2020-07-16 23:15:00,247.0,26.0,True
100,last_reply,"Jul 16th, 2020 11:13 pm",2020-07-16 23:13:00,2020-07-16 23:13:00,247.0,26.0,True
103,last_reply,"Jul 16th, 2020 10:56 pm",2020-07-16 22:56:00,2020-07-16 22:56:00,247.0,26.0,True
105,last_reply,"Jul 16th, 2020 10:48 pm",2020-07-16 22:48:00,2020-07-16 22:48:00,247.0,26.0,True
106,last_reply,"Jul 16th, 2020 10:47 pm",2020-07-16 22:47:00,2020-07-16 22:47:00,247.0,26.0,True
113,last_reply,"Jul 16th, 2020 10:06 pm",2020-07-16 22:06:00,2020-07-16 22:06:00,247.0,26.0,True
115,last_reply,"Jul 16th, 2020 10:00 pm",2020-07-16 22:00:00,2020-07-16 22:00:00,247.0,26.0,True
123,last_reply,"Jul 16th, 2020 9:24 pm",2020-07-16 21:24:00,2020-07-16 21:24:00,247.0,26.0,True
128,last_reply,"Jul 16th, 2020 8:46 pm",2020-07-16 20:46:00,2020-07-16 20:46:00,247.0,26.0,True
131,last_reply,"Jul 16th, 2020 8:33 pm",2020-07-16 20:33:00,2020-07-16 20:33:00,247.0,26.0,True
133,last_reply,"Jul 16th, 2020 8:03 pm",2020-07-16 20:03:00,2020-07-16 20:03:00,247.0,26.0,True
134,last_reply,"Jul 17th, 2020 9:13 am",2020-07-17 09:13:00,2020-07-17 09:13:00,246.0,26.0,True
136,last_reply,"Jul 16th, 2020 7:53 pm",2020-07-16 19:53:00,2020-07-16 19:53:00,247.0,26.0,True
139,last_reply,"Jul 16th, 2020 7:46 pm",2020-07-16 19:46:00,2020-07-16 19:46:00,247.0,26.0,True
141,last_reply,"Jul 16th, 2020 7:38 pm",2020-07-16 19:38:00,2020-07-16 19:38:00,247.0,26.0,True
143,last_reply,"Jul 16th, 2020 7:29 pm",2020-07-16 19:29:00,2020-07-16 19:29:00,247.0,26.0,True
146,last_reply,"Jul 16th, 2020 7:23 pm",2020-07-16 19:23:00,2020-07-16 19:23:00,247.0,26.0,True
147,last_reply,"Jul 16th, 2020 7:21 pm",2020-07-16 19:21:00,2020-07-16 19:21:00,247.0,26.0,True
150,last_reply,"Jul 16th, 2020 6:59 pm",2020-07-16 18:59:00,2020-07-16 18:59:00,247.0,26.0,True
158,last_reply,"Jul 16th, 2020 6:24 pm",2020-07-16 18:24:00,2020-07-16 18:24:00,247.0,26.0,True
160,last_reply,"Jul 16th, 2020 5:59 pm",2020-07-16 17:59:00,2020-07-16 17:59:00,247.0,26.0,True
161,last_reply,"Jul 16th, 2020 5:55 pm",2020-07-16 17:55:00,2020-07-16 17:55:00,247.0,26.0,True
168,last_reply,"Jul 16th, 2020 5:29 pm",2020-07-16 17:29:00,2020-07-16 17:29:00,247.0,26.0,True
169,last_reply,"Jul 16th, 2020 5:26 pm",2020-07-16 17:26:00,2020-07-16 17:26:00,247.0,26.0,True
171,last_reply,"Jul 16th, 2020 5:11 pm",2020-07-16 17:11:00,2020-07-16 17:11:00,247.0,26.0,True
173,last_reply,"Jul 16th, 2020 5:02 pm",2020-07-16 17:02:00,2020-07-16 17:02:00,247.0,26.0,True
176,last_reply,"Jul 16th, 2020 4:45 pm",2020-07-16 16:45:00,2020-07-16 16:45:00,247.0,26.0,True
184,last_reply,"Jul 16th, 2020 4:21 pm",2020-07-16 16:21:00,2020-07-16 16:21:00,247.0,26.0,True
185,last_reply,"Jul 16th, 2020 7:37 pm",2020-07-16 19:37:00,2020-07-16 19:37:00,247.0,26.0,True
205,last_reply,"Jul 16th, 2020 2:10 pm",2020-07-16 14:10:00,2020-07-16 14:10:00,247.0,26.0,True
215,last_reply,"Jul 16th, 2020 1:23 pm",2020-07-16 13:23:00,2020-07-16 13:23:00,247.0,26.0,True
219,last_reply,"Jul 16th, 2020 1:05 pm",2020-07-16 13:05:00,2020-07-16 13:05:00,247.0,26.0,True
220,last_reply,"Jul 16th, 2020 1:05 pm",2020-07-16 13:05:00,2020-07-16 13:05:00,247.0,26.0,True
227,last_reply,"Jul 16th, 2020 12:28 pm",2020-07-16 12:28:00,2020-07-16 12:28:00,247.0,26.0,True
229,last_reply,"Jul 16th, 2020 12:20 pm",2020-07-16 12:20:00,2020-07-16 12:20:00,247.0,26.0,True
235,last_reply,"Jul 17th, 2020 9:20 am",2020-07-17 09:20:00,2020-07-17 09:20:00,246.0,26.0,True
240,last_reply,"Jul 16th, 2020 10:01 am",2020-07-16 10:01:00,2020-07-16 10:01:00,246.0,26.0,True
244,last_reply,"Jul 16th, 2020 9:47 am",2020-07-16 09:47:00,2020-07-16 09:47:00,246.0,26.0,True
246,last_reply,"Jul 16th, 2020 9:32 am",2020-07-16 09:32:00,2020-07-16 09:32:00,246.0,26.0,True
248,last_reply,"Jul 16th, 2020 9:03 am",2020-07-16 09:03:00,2020-07-16 09:03:00,246.0,26.0,True
254,last_reply,"Jul 16th, 2020 11:33 am",2020-07-16 11:33:00,2020-07-16 11:33:00,246.0,26.0,True
265,last_reply,"Jul 16th, 2020 1:20 am",2020-07-16 01:20:00,2020-07-16 01:20:00,246.0,26.0,True
274,last_reply,"Jul 15th, 2020 11:48 pm",2020-07-15 23:48:00,2020-07-15 23:48:00,247.0,26.0,True
284,last_reply,"Jul 15th, 2020 9:25 pm",2020-07-15 21:25:00,2020-07-15 21:25:00,247.0,26.0,True
290,last_reply,"Jul 15th, 2020 7:26 pm",2020-07-15 19:26:00,2020-07-15 19:26:00,247.0,26.0,True
293,last_reply,"Jul 15th, 2020 6:01 pm",2020-07-15 18:01:00,2020-07-15 18:01:00,247.0,26.0,True
297,last_reply,"Jul 15th, 2020 4:51 pm",2020-07-15 16:51:00,2020-07-15 16:51:00,247.0,26.0,True
299,last_reply,"Jul 15th, 2020 4:18 pm",2020-07-15 16:18:00,2020-07-15 16:18:00,247.0,26.0,True
302,last_reply,"Jul 15th, 2020 3:53 pm",2020-07-15 15:53:00,2020-07-15 15:53:00,247.0,26.0,True
305,last_reply,"Jul 15th, 2020 3:18 pm",2020-07-15 15:18:00,2020-07-15 15:18:00,247.0,26.0,True
310,last_reply,"Jul 15th, 2020 1:56 pm",2020-07-15 13:56:00,2020-07-15 13:56:00,247.0,26.0,True
311,last_reply,"Jul 15th, 2020 1:36 pm",2020-07-15 13:36:00,2020-07-15 13:36:00,247.0,26.0,True
314,last_reply,"Jul 15th, 2020 1:00 pm",2020-07-15 13:00:00,2020-07-15 13:00:00,247.0,26.0,True
316,last_reply,"Jul 15th, 2020 12:50 pm",2020-07-15 12:50:00,2020-07-15 12:50:00,247.0,26.0,True
318,last_reply,"Jul 15th, 2020 12:38 pm",2020-07-15 12:38:00,2020-07-15 12:38:00,247.0,26.0,True
323,last_reply,"Jul 15th, 2020 10:49 am",2020-07-15 10:49:00,2020-07-15 10:49:00,246.0,26.0,True
324,last_reply,"Jul 15th, 2020 10:35 am",2020-07-15 10:35:00,2020-07-15 10:35:00,246.0,26.0,True
326,last_reply,"Jul 15th, 2020 10:10 am",2020-07-15 10:10:00,2020-07-15 10:10:00,246.0,26.0,True
327,last_reply,"Jul 15th, 2020 10:05 am",2020-07-15 10:05:00,2020-07-15 10:05:00,246.0,26.0,True
329,last_reply,"Jul 15th, 2020 7:47 am",2020-07-15 07:47:00,2020-07-15 07:47:00,246.0,26.0,True
331,last_reply,"Jul 15th, 2020 4:24 am",2020-07-15 04:24:00,2020-07-15 04:24:00,246.0,26.0,True
332,last_reply,"Jul 15th, 2020 1:29 am",2020-07-15 01:29:00,2020-07-15 01:29:00,246.0,26.0,True
333,last_reply,"Jul 15th, 2020 1:00 am",2020-07-15 01:00:00,2020-07-15 01:00:00,246.0,26.0,True
335,last_reply,"Jul 15th, 2020 12:27 am",2020-07-15 00:27:00,2020-07-15 00:27:00,246.0,26.0,True
336,last_reply,"Jul 15th, 2020 12:18 am",2020-07-15 00:18:00,2020-07-15 00:18:00,246.0,26.0,True
337,last_reply,"Jul 14th, 2020 11:48 pm",2020-07-14 23:48:00,2020-07-14 23:48:00,247.0,26.0,True
341,last_reply,"Jul 14th, 2020 10:53 pm",2020-07-14 22:53:00,2020-07-14 22:53:00,247.0,26.0,True
342,last_reply,"Jul 14th, 2020 10:39 pm",2020-07-14 22:39:00,2020-07-14 22:39:00,247.0,26.0,True
348,last_reply,"Jul 14th, 2020 10:16 pm",2020-07-14 22:16:00,2020-07-14 22:16:00,247.0,26.0,True
350,last_reply,"Jul 14th, 2020 9:51 pm",2020-07-14 21:51:00,2020-07-14 21:51:00,247.0,26.0,True
352,last_reply,"Jul 14th, 2020 9:38 pm",2020-07-14 21:38:00,2020-07-14 21:38:00,247.0,26.0,True
355,last_reply,"Jul 14th, 2020 9:05 pm",2020-07-14 21:05:00,2020-07-14 21:05:00,247.0,26.0,True
358,last_reply,"Jul 14th, 2020 8:13 pm",2020-07-14 20:13:00,2020-07-14 20:13:00,247.0,26.0,True
359,last_reply,"Jul 14th, 2020 8:08 pm",2020-07-14 20:08:00,2020-07-14 20:08:00,247.0,26.0,True
360,last_reply,"Jul 14th, 2020 8:00 pm",2020-07-14 20:00:00,2020-07-14 20:00:00,247.0,26.0,True
362,last_reply,"Jul 14th, 2020 7:51 pm",2020-07-14 19:51:00,2020-07-14 19:51:00,247.0,26.0,True
367,last_reply,"Jul 14th, 2020 6:39 pm",2020-07-14 18:39:00,2020-07-14 18:39:00,247.0,26.0,True
368,last_reply,"Jul 14th, 2020 6:34 pm",2020-07-14 18:34:00,2020-07-14 18:34:00,247.0,26.0,True
369,last_reply,"Jul 14th, 2020 6:29 pm",2020-07-14 18:29:00,2020-07-14 18:29:00,247.0,26.0,True
373,last_reply,"Jul 14th, 2020 5:27 pm",2020-07-14 17:27:00,2020-07-14 17:27:00,247.0,26.0,True
377,last_reply,"Jul 14th, 2020 4:08 pm",2020-07-14 16:08:00,2020-07-14 16:08:00,247.0,26.0,True
385,last_reply,"Jul 14th, 2020 1:43 pm",2020-07-14 13:43:00,2020-07-14 13:43:00,247.0,26.0,True
388,last_reply,"Jul 14th, 2020 12:54 pm",2020-07-14 12:54:00,2020-07-14 12:54:00,247.0,26.0,True
389,last_reply,"Jul 14th, 2020 12:50 pm",2020-07-14 12:50:00,2020-07-14 12:50:00,247.0,26.0,True
397,last_reply,"Jul 14th, 2020 11:53 am",2020-07-14 11:53:00,2020-07-14 11:53:00,246.0,26.0,True
399,last_reply,"Jul 14th, 2020 10:30 am",2020-07-14 10:30:00,2020-07-14 10:30:00,246.0,26.0,True
402,last_reply,"Jul 14th, 2020 9:28 am",2020-07-14 09:28:00,2020-07-14 09:28:00,246.0,26.0,True
405,last_reply,"Jul 14th, 2020 8:38 am",2020-07-14 08:38:00,2020-07-14 08:38:00,246.0,26.0,True
407,last_reply,"Jul 14th, 2020 4:09 am",2020-07-14 04:09:00,2020-07-14 04:09:00,246.0,26.0,True
408,last_reply,"Jul 14th, 2020 3:11 am",2020-07-14 03:11:00,2020-07-14 03:11:00,246.0,26.0,True
410,last_reply,"Jul 14th, 2020 1:52 am",2020-07-14 01:52:00,2020-07-14 01:52:00,246.0,26.0,True
411,last_reply,"Jul 14th, 2020 1:40 am",2020-07-14 01:40:00,2020-07-14 01:40:00,246.0,26.0,True
421,last_reply,"Jul 13th, 2020 10:25 pm",2020-07-13 22:25:00,2020-07-13 22:25:00,247.0,26.0,True
423,last_reply,"Jul 13th, 2020 10:03 pm",2020-07-13 22:03:00,2020-07-13 22:03:00,247.0,26.0,True
425,last_reply,"Jul 13th, 2020 9:16 pm",2020-07-13 21:16:00,2020-07-13 21:16:00,247.0,26.0,True
427,last_reply,"Jul 13th, 2020 9:02 pm",2020-07-13 21:02:00,2020-07-13 21:02:00,247.0,26.0,True
430,last_reply,"Jul 13th, 2020 7:07 pm",2020-07-13 19:07:00,2020-07-13 19:07:00,247.0,26.0,True
433,last_reply,"Jul 13th, 2020 6:51 pm",2020-07-13 18:51:00,2020-07-13 18:51:00,247.0,26.0,True
436,last_reply,"Jul 13th, 2020 6:18 pm",2020-07-13 18:18:00,2020-07-13 18:18:00,247.0,26.0,True
443,last_reply,"Jul 13th, 2020 5:07 pm",2020-07-13 17:07:00,2020-07-13 17:07:00,247.0,26.0,True
446,last_reply,"Jul 13th, 2020 4:14 pm",2020-07-13 16:14:00,2020-07-13 16:14:00,247.0,26.0,True
453,last_reply,"Jul 13th, 2020 2:13 pm",2020-07-13 14:13:00,2020-07-13 14:13:00,247.0,26.0,True
454,last_reply,"Jul 13th, 2020 1:57 pm",2020-07-13 13:57:00,2020-07-13 13:57:00,247.0,26.0,True
456,last_reply,"Jul 13th, 2020 1:27 pm",2020-07-13 13:27:00,2020-07-13 13:27:00,247.0,26.0,True
471,last_reply,"Jul 13th, 2020 9:04 am",2020-07-13 09:04:00,2020-07-13 09:04:00,246.0,26.0,True
476,last_reply,"Jul 13th, 2020 3:33 am",2020-07-13 03:33:00,2020-07-13 03:33:00,246.0,26.0,True
480,last_reply,"Jul 13th, 2020 12:21 am",2020-07-13 00:21:00,2020-07-13 00:21:00,246.0,26.0,True
481,last_reply,"Jul 13th, 2020 12:06 am",2020-07-13 00:06:00,2020-07-13 00:06:00,246.0,26.0,True
485,last_reply,"Jul 12th, 2020 11:09 pm",2020-07-12 23:09:00,2020-07-12 23:09:00,247.0,26.0,True
486,last_reply,"Jul 12th, 2020 11:01 pm",2020-07-12 23:01:00,2020-07-12 23:01:00,247.0,26.0,True
496,last_reply,"Jul 12th, 2020 7:43 pm",2020-07-12 19:43:00,2020-07-12 19:43:00,247.0,26.0,True
499,last_reply,"Jul 12th, 2020 6:45 pm",2020-07-12 18:45:00,2020-07-12 18:45:00,247.0,26.0,True
504,last_reply,"Jul 12th, 2020 5:41 pm",2020-07-12 17:41:00,2020-07-12 17:41:00,247.0,26.0,True
508,last_reply,"Jul 12th, 2020 3:13 pm",2020-07-12 15:13:00,2020-07-12 15:13:00,247.0,26.0,True
511,last_reply,"Jul 12th, 2020 2:18 pm",2020-07-12 14:18:00,2020-07-12 14:18:00,247.0,26.0,True
515,last_reply,"Jul 12th, 2020 11:59 am",2020-07-12 11:59:00,2020-07-12 11:59:00,246.0,26.0,True
516,last_reply,"Jul 12th, 2020 11:38 am",2020-07-12 11:38:00,2020-07-12 11:38:00,246.0,26.0,True
518,last_reply,"Jul 12th, 2020 11:31 am",2020-07-12 11:31:00,2020-07-12 11:31:00,246.0,26.0,True
520,last_reply,"Jul 12th, 2020 11:06 am",2020-07-12 11:06:00,2020-07-12 11:06:00,246.0,26.0,True
521,last_reply,"Jul 12th, 2020 11:01 am",2020-07-12 11:01:00,2020-07-12 11:01:00,246.0,26.0,True
523,last_reply,"Jul 12th, 2020 10:55 am",2020-07-12 10:55:00,2020-07-12 10:55:00,246.0,26.0,True
524,last_reply,"Jul 12th, 2020 10:28 am",2020-07-12 10:28:00,2020-07-12 10:28:00,246.0,26.0,True
527,last_reply,"Jul 12th, 2020 8:56 am",2020-07-12 08:56:00,2020-07-12 08:56:00,246.0,26.0,True
530,last_reply,"Jul 12th, 2020 12:10 am",2020-07-12 00:10:00,2020-07-12 00:10:00,246.0,26.0,True
537,last_reply,"Jul 11th, 2020 9:19 pm",2020-07-11 21:19:00,2020-07-11 21:19:00,247.0,26.0,True
541,last_reply,"Jul 11th, 2020 8:33 pm",2020-07-11 20:33:00,2020-07-11 20:33:00,247.0,26.0,True
543,last_reply,"Jul 11th, 2020 8:20 pm",2020-07-11 20:20:00,2020-07-11 20:20:00,247.0,26.0,True
544,last_reply,"Jul 11th, 2020 8:12 pm",2020-07-11 20:12:00,2020-07-11 20:12:00,247.0,26.0,True
545,last_reply,"Jul 11th, 2020 8:08 pm",2020-07-11 20:08:00,2020-07-11 20:08:00,247.0,26.0,True
548,last_reply,"Jul 11th, 2020 6:46 pm",2020-07-11 18:46:00,2020-07-11 18:46:00,247.0,26.0,True
549,last_reply,"Jul 11th, 2020 6:31 pm",2020-07-11 18:31:00,2020-07-11 18:31:00,247.0,26.0,True
554,last_reply,"Jul 11th, 2020 4:07 pm",2020-07-11 16:07:00,2020-07-11 16:07:00,247.0,26.0,True
555,last_reply,"Jul 11th, 2020 4:03 pm",2020-07-11 16:03:00,2020-07-11 16:03:00,247.0,26.0,True
558,last_reply,"Jul 11th, 2020 3:16 pm",2020-07-11 15:16:00,2020-07-11 15:16:00,247.0,26.0,True
560,last_reply,"Jul 11th, 2020 2:49 pm",2020-07-11 14:49:00,2020-07-11 14:49:00,247.0,26.0,True
567,last_reply,"Jul 11th, 2020 1:24 pm",2020-07-11 13:24:00,2020-07-11 13:24:00,247.0,26.0,True
577,last_reply,"Jul 11th, 2020 10:37 am",2020-07-11 10:37:00,2020-07-11 10:37:00,246.0,26.0,True
581,last_reply,"Jul 11th, 2020 6:56 am",2020-07-11 06:56:00,2020-07-11 06:56:00,246.0,26.0,True
592,last_reply,"Jul 10th, 2020 10:54 pm",2020-07-10 22:54:00,2020-07-10 22:54:00,247.0,26.0,True
598,last_reply,"Jul 10th, 2020 7:50 pm",2020-07-10 19:50:00,2020-07-10 19:50:00,247.0,26.0,True
603,last_reply,"Jul 10th, 2020 5:57 pm",2020-07-10 17:57:00,2020-07-10 17:57:00,247.0,26.0,True
604,last_reply,"Jul 10th, 2020 5:50 pm",2020-07-10 17:50:00,2020-07-10 17:50:00,247.0,26.0,True
606,last_reply,"Jul 10th, 2020 5:39 pm",2020-07-10 17:39:00,2020-07-10 17:39:00,247.0,26.0,True
612,last_reply,"Jul 10th, 2020 4:15 pm",2020-07-10 16:15:00,2020-07-10 16:15:00,247.0,26.0,True
613,last_reply,"Jul 10th, 2020 3:42 pm",2020-07-10 15:42:00,2020-07-10 15:42:00,247.0,26.0,True
616,last_reply,"Jul 10th, 2020 3:30 pm",2020-07-10 15:30:00,2020-07-10 15:30:00,247.0,26.0,True
617,last_reply,"Jul 10th, 2020 3:09 pm",2020-07-10 15:09:00,2020-07-10 15:09:00,247.0,26.0,True
619,last_reply,"Jul 10th, 2020 2:43 pm",2020-07-10 14:43:00,2020-07-10 14:43:00,247.0,26.0,True
620,last_reply,"Jul 10th, 2020 2:40 pm",2020-07-10 14:40:00,2020-07-10 14:40:00,247.0,26.0,True
622,last_reply,"Jul 10th, 2020 2:17 pm",2020-07-10 14:17:00,2020-07-10 14:17:00,247.0,26.0,True
631,last_reply,"Jul 10th, 2020 1:00 pm",2020-07-10 13:00:00,2020-07-10 13:00:00,247.0,26.0,True
635,last_reply,"Jul 10th, 2020 11:46 am",2020-07-10 11:46:00,2020-07-10 11:46:00,246.0,26.0,True
637,last_reply,"Jul 10th, 2020 11:12 am",2020-07-10 11:12:00,2020-07-10 11:12:00,246.0,26.0,True
638,last_reply,"Jul 10th, 2020 11:05 am",2020-07-10 11:05:00,2020-07-10 11:05:00,246.0,26.0,True
640,last_reply,"Jul 10th, 2020 8:52 am",2020-07-10 08:52:00,2020-07-10 08:52:00,246.0,26.0,True
644,last_reply,"Jul 10th, 2020 1:38 am",2020-07-10 01:38:00,2020-07-10 01:38:00,246.0,26.0,True
649,last_reply,"Jul 9th, 2020 10:04 pm",2020-07-09 22:04:00,2020-07-09 22:04:00,247.0,26.0,True
650,last_reply,"Jul 9th, 2020 10:00 pm",2020-07-09 22:00:00,2020-07-09 22:00:00,247.0,26.0,True
652,last_reply,"Jul 9th, 2020 8:46 pm",2020-07-09 20:46:00,2020-07-09 20:46:00,247.0,26.0,True
659,last_reply,"Jul 9th, 2020 6:07 pm",2020-07-09 18:07:00,2020-07-09 18:07:00,247.0,26.0,True
660,last_reply,"Jul 9th, 2020 5:57 pm",2020-07-09 17:57:00,2020-07-09 17:57:00,247.0,26.0,True
665,last_reply,"Jul 9th, 2020 4:27 pm",2020-07-09 16:27:00,2020-07-09 16:27:00,247.0,26.0,True
667,last_reply,"Jul 9th, 2020 3:39 pm",2020-07-09 15:39:00,2020-07-09 15:39:00,247.0,26.0,True
671,last_reply,"Jul 9th, 2020 1:21 pm",2020-07-09 13:21:00,2020-07-09 13:21:00,247.0,26.0,True
674,last_reply,"Jul 9th, 2020 12:18 pm",2020-07-09 12:18:00,2020-07-09 12:18:00,247.0,26.0,True
678,last_reply,"Jul 9th, 2020 11:19 am",2020-07-09 11:19:00,2020-07-09 11:19:00,246.0,26.0,True
685,last_reply,"Jul 9th, 2020 9:59 am",2020-07-09 09:59:00,2020-07-09 09:59:00,246.0,26.0,True
688,last_reply,"Jul 9th, 2020 9:34 am",2020-07-09 09:34:00,2020-07-09 09:34:00,246.0,26.0,True
692,last_reply,"Jul 9th, 2020 2:03 am",2020-07-09 02:03:00,2020-07-09 02:03:00,246.0,26.0,True
695,last_reply,"Jul 8th, 2020 11:36 pm",2020-07-08 23:36:00,2020-07-08 23:36:00,247.0,26.0,True
699,last_reply,"Jul 8th, 2020 11:01 pm",2020-07-08 23:01:00,2020-07-08 23:01:00,247.0,26.0,True
700,last_reply,"Jul 8th, 2020 10:55 pm",2020-07-08 22:55:00,2020-07-08 22:55:00,247.0,26.0,True
703,last_reply,"Jul 8th, 2020 7:03 pm",2020-07-08 19:03:00,2020-07-08 19:03:00,247.0,26.0,True
715,last_reply,"Jul 8th, 2020 3:08 pm",2020-07-08 15:08:00,2020-07-08 15:08:00,247.0,26.0,True
717,last_reply,"Jul 8th, 2020 2:34 pm",2020-07-08 14:34:00,2020-07-08 14:34:00,247.0,26.0,True
718,last_reply,"Jul 8th, 2020 2:16 pm",2020-07-08 14:16:00,2020-07-08 14:16:00,247.0,26.0,True
721,last_reply,"Jul 8th, 2020 1:12 pm",2020-07-08 13:12:00,2020-07-08 13:12:00,247.0,26.0,True
723,last_reply,"Jul 8th, 2020 12:57 pm",2020-07-08 12:57:00,2020-07-08 12:57:00,247.0,26.0,True
725,last_reply,"Jul 8th, 2020 11:35 am",2020-07-08 11:35:00,2020-07-08 11:35:00,246.0,26.0,True
734,last_reply,"Jul 8th, 2020 1:48 am",2020-07-08 01:48:00,2020-07-08 01:48:00,246.0,26.0,True
741,last_reply,"Jul 7th, 2020 9:53 pm",2020-07-07 21:53:00,2020-07-07 21:53:00,247.0,26.0,True
744,last_reply,"Jul 7th, 2020 8:31 pm",2020-07-07 20:31:00,2020-07-07 20:31:00,247.0,26.0,True
745,last_reply,"Jul 7th, 2020 8:09 pm",2020-07-07 20:09:00,2020-07-07 20:09:00,247.0,26.0,True
746,last_reply,"Jul 7th, 2020 7:20 pm",2020-07-07 19:20:00,2020-07-07 19:20:00,247.0,26.0,True
751,last_reply,"Jul 7th, 2020 5:10 pm",2020-07-07 17:10:00,2020-07-07 17:10:00,247.0,26.0,True
755,last_reply,"Jul 7th, 2020 3:23 pm",2020-07-07 15:23:00,2020-07-07 15:23:00,247.0,26.0,True
756,last_reply,"Jul 7th, 2020 3:20 pm",2020-07-07 15:20:00,2020-07-07 15:20:00,247.0,26.0,True
759,last_reply,"Jul 7th, 2020 3:00 pm",2020-07-07 15:00:00,2020-07-07 15:00:00,247.0,26.0,True
762,last_reply,"Jul 7th, 2020 2:33 pm",2020-07-07 14:33:00,2020-07-07 14:33:00,247.0,26.0,True
764,last_reply,"Jul 7th, 2020 1:54 pm",2020-07-07 13:54:00,2020-07-07 13:54:00,247.0,26.0,True
766,last_reply,"Jul 7th, 2020 1:29 pm",2020-07-07 13:29:00,2020-07-07 13:29:00,247.0,26.0,True
770,last_reply,"Jul 7th, 2020 12:18 pm",2020-07-07 12:18:00,2020-07-07 12:18:00,247.0,26.0,True
774,last_reply,"Jul 7th, 2020 11:11 am",2020-07-07 11:11:00,2020-07-07 11:11:00,246.0,26.0,True
776,last_reply,"Jul 7th, 2020 11:05 am",2020-07-07 11:05:00,2020-07-07 11:05:00,246.0,26.0,True
778,last_reply,"Jul 7th, 2020 10:31 am",2020-07-07 10:31:00,2020-07-07 10:31:00,246.0,26.0,True
780,last_reply,"Jul 7th, 2020 7:16 am",2020-07-07 07:16:00,2020-07-07 07:16:00,246.0,26.0,True
781,last_reply,"Jul 7th, 2020 7:14 am",2020-07-07 07:14:00,2020-07-07 07:14:00,246.0,26.0,True
782,last_reply,"Jul 7th, 2020 6:01 am",2020-07-07 06:01:00,2020-07-07 06:01:00,246.0,26.0,True
785,last_reply,"Jul 7th, 2020 1:09 am",2020-07-07 01:09:00,2020-07-07 01:09:00,246.0,26.0,True
804,last_reply,"Jul 6th, 2020 7:27 pm",2020-07-06 19:27:00,2020-07-06 19:27:00,247.0,26.0,True
807,last_reply,"Jul 6th, 2020 7:10 pm",2020-07-06 19:10:00,2020-07-06 19:10:00,247.0,26.0,True
809,last_reply,"Jul 6th, 2020 7:00 pm",2020-07-06 19:00:00,2020-07-06 19:00:00,247.0,26.0,True
811,last_reply,"Jul 6th, 2020 6:11 pm",2020-07-06 18:11:00,2020-07-06 18:11:00,247.0,26.0,True
813,last_reply,"Jul 6th, 2020 4:31 pm",2020-07-06 16:31:00,2020-07-06 16:31:00,247.0,26.0,True
817,last_reply,"Jul 6th, 2020 3:18 pm",2020-07-06 15:18:00,2020-07-06 15:18:00,247.0,26.0,True
819,last_reply,"Jul 6th, 2020 1:45 pm",2020-07-06 13:45:00,2020-07-06 13:45:00,247.0,26.0,True
822,last_reply,"Jul 6th, 2020 1:21 pm",2020-07-06 13:21:00,2020-07-06 13:21:00,247.0,26.0,True
823,last_reply,"Jul 6th, 2020 1:15 pm",2020-07-06 13:15:00,2020-07-06 13:15:00,247.0,26.0,True
824,last_reply,"Jul 6th, 2020 12:42 pm",2020-07-06 12:42:00,2020-07-06 12:42:00,247.0,26.0,True
827,last_reply,"Jul 6th, 2020 11:52 am",2020-07-06 11:52:00,2020-07-06 11:52:00,246.0,26.0,True
831,last_reply,"Jul 6th, 2020 11:20 am",2020-07-06 11:20:00,2020-07-06 11:20:00,246.0,26.0,True
832,last_reply,"Jul 6th, 2020 11:05 am",2020-07-06 11:05:00,2020-07-06 11:05:00,246.0,26.0,True
834,last_reply,"Jul 6th, 2020 10:55 am",2020-07-06 10:55:00,2020-07-06 10:55:00,246.0,26.0,True
835,last_reply,"Jul 6th, 2020 10:12 am",2020-07-06 10:12:00,2020-07-06 10:12:00,246.0,26.0,True
839,last_reply,"Jul 6th, 2020 9:45 am",2020-07-06 09:45:00,2020-07-06 09:45:00,246.0,26.0,True
844,last_reply,"Jul 6th, 2020 2:09 am",2020-07-06 02:09:00,2020-07-06 02:09:00,246.0,26.0,True
845,last_reply,"Jul 6th, 2020 12:22 am",2020-07-06 00:22:00,2020-07-06 00:22:00,246.0,26.0,True
846,last_reply,"Jul 5th, 2020 11:41 pm",2020-07-05 23:41:00,2020-07-05 23:41:00,247.0,26.0,True
852,last_reply,"Jul 5th, 2020 7:54 pm",2020-07-05 19:54:00,2020-07-05 19:54:00,247.0,26.0,True
858,last_reply,"Jul 5th, 2020 6:25 pm",2020-07-05 18:25:00,2020-07-05 18:25:00,247.0,26.0,True
867,last_reply,"Jul 5th, 2020 1:20 pm",2020-07-05 13:20:00,2020-07-05 13:20:00,247.0,26.0,True
868,last_reply,"Jul 5th, 2020 12:30 pm",2020-07-05 12:30:00,2020-07-05 12:30:00,247.0,26.0,True
872,last_reply,"Jul 5th, 2020 10:18 am",2020-07-05 10:18:00,2020-07-05 10:18:00,246.0,26.0,True
874,last_reply,"Jul 5th, 2020 12:15 am",2020-07-05 00:15:00,2020-07-05 00:15:00,246.0,26.0,True
879,last_reply,"Jul 4th, 2020 7:20 pm",2020-07-04 19:20:00,2020-07-04 19:20:00,247.0,26.0,True
881,last_reply,"Jul 4th, 2020 6:07 pm",2020-07-04 18:07:00,2020-07-04 18:07:00,247.0,26.0,True
892,last_reply,"Jul 4th, 2020 3:33 pm",2020-07-04 15:33:00,2020-07-04 15:33:00,247.0,26.0,True
896,last_reply,"Jul 4th, 2020 11:10 am",2020-07-04 11:10:00,2020-07-04 11:10:00,246.0,26.0,True
897,last_reply,"Jul 4th, 2020 11:02 am",2020-07-04 11:02:00,2020-07-04 11:02:00,246.0,26.0,True
899,last_reply,"Jul 4th, 2020 9:17 am",2020-07-04 09:17:00,2020-07-04 09:17:00,246.0,26.0,True
901,last_reply,"Jul 4th, 2020 8:25 am",2020-07-04 08:25:00,2020-07-04 08:25:00,246.0,26.0,True
903,last_reply,"Jul 4th, 2020 7:18 am",2020-07-04 07:18:00,2020-07-04 07:18:00,246.0,26.0,True
904,last_reply,"Jul 4th, 2020 7:07 am",2020-07-04 07:07:00,2020-07-04 07:07:00,246.0,26.0,True
916,last_reply,"Jul 3rd, 2020 9:10 pm",2020-07-03 21:10:00,2020-07-03 21:10:00,248.0,26.0,True
917,last_reply,"Jul 3rd, 2020 8:29 pm",2020-07-03 20:29:00,2020-07-03 20:29:00,248.0,26.0,True
919,last_reply,"Jul 3rd, 2020 7:19 pm",2020-07-03 19:19:00,2020-07-03 19:19:00,248.0,26.0,True
921,last_reply,"Jul 3rd, 2020 7:07 pm",2020-07-03 19:07:00,2020-07-03 19:07:00,248.0,26.0,True
922,last_reply,"Jul 3rd, 2020 6:37 pm",2020-07-03 18:37:00,2020-07-03 18:37:00,248.0,26.0,True
923,last_reply,"Jul 3rd, 2020 6:36 pm",2020-07-03 18:36:00,2020-07-03 18:36:00,248.0,26.0,True
925,last_reply,"Jul 3rd, 2020 5:56 pm",2020-07-03 17:56:00,2020-07-03 17:56:00,248.0,26.0,True
931,last_reply,"Jul 3rd, 2020 5:18 pm",2020-07-03 17:18:00,2020-07-03 17:18:00,248.0,26.0,True
932,last_reply,"Jul 3rd, 2020 5:09 pm",2020-07-03 17:09:00,2020-07-03 17:09:00,248.0,26.0,True
935,last_reply,"Jul 3rd, 2020 4:43 pm",2020-07-03 16:43:00,2020-07-03 16:43:00,248.0,26.0,True
941,last_reply,"Jul 3rd, 2020 3:25 pm",2020-07-03 15:25:00,2020-07-03 15:25:00,248.0,26.0,True
943,last_reply,"Jul 3rd, 2020 1:08 pm",2020-07-03 13:08:00,2020-07-03 13:08:00,248.0,26.0,True
946,last_reply,"Jul 3rd, 2020 11:36 am",2020-07-03 11:36:00,2020-07-03 11:36:00,247.0,26.0,True
947,last_reply,"Jul 3rd, 2020 11:18 am",2020-07-03 11:18:00,2020-07-03 11:18:00,247.0,26.0,True
948,last_reply,"Jul 3rd, 2020 11:11 am",2020-07-03 11:11:00,2020-07-03 11:11:00,247.0,26.0,True
949,last_reply,"Jul 3rd, 2020 10:47 am",2020-07-03 10:47:00,2020-07-03 10:47:00,247.0,26.0,True
950,last_reply,"Jul 3rd, 2020 10:42 am",2020-07-03 10:42:00,2020-07-03 10:42:00,247.0,26.0,True
951,last_reply,"Jul 3rd, 2020 10:21 am",2020-07-03 10:21:00,2020-07-03 10:21:00,247.0,26.0,True
956,last_reply,"Jul 3rd, 2020 8:44 am",2020-07-03 08:44:00,2020-07-03 08:44:00,247.0,26.0,True
964,last_reply,"Jul 2nd, 2020 10:41 pm",2020-07-02 22:41:00,2020-07-02 22:41:00,248.0,26.0,True
966,last_reply,"Jul 2nd, 2020 8:33 pm",2020-07-02 20:33:00,2020-07-02 20:33:00,248.0,26.0,True
968,last_reply,"Jul 2nd, 2020 8:19 pm",2020-07-02 20:19:00,2020-07-02 20:19:00,248.0,26.0,True
972,last_reply,"Jul 2nd, 2020 5:49 pm",2020-07-02 17:49:00,2020-07-02 17:49:00,248.0,26.0,True
974,last_reply,"Jul 2nd, 2020 4:58 pm",2020-07-02 16:58:00,2020-07-02 16:58:00,248.0,26.0,True
976,last_reply,"Jul 2nd, 2020 4:42 pm",2020-07-02 16:42:00,2020-07-02 16:42:00,248.0,26.0,True
979,last_reply,"Jul 2nd, 2020 2:17 pm",2020-07-02 14:17:00,2020-07-02 14:17:00,248.0,26.0,True
986,last_reply,"Jul 2nd, 2020 12:54 pm",2020-07-02 12:54:00,2020-07-02 12:54:00,248.0,26.0,True
988,last_reply,"Jul 2nd, 2020 12:30 pm",2020-07-02 12:30:00,2020-07-02 12:30:00,248.0,26.0,True
989,last_reply,"Jul 2nd, 2020 12:25 pm",2020-07-02 12:25:00,2020-07-02 12:25:00,248.0,26.0,True
992,last_reply,"Jul 2nd, 2020 12:11 pm",2020-07-02 12:11:00,2020-07-02 12:11:00,248.0,26.0,True
994,last_reply,"Jul 2nd, 2020 11:25 am",2020-07-02 11:25:00,2020-07-02 11:25:00,247.0,26.0,True
1000,last_reply,"Jul 2nd, 2020 2:28 am",2020-07-02 02:28:00,2020-07-02 02:28:00,247.0,26.0,True
1001,last_reply,"Jul 2nd, 2020 1:30 am",2020-07-02 01:30:00,2020-07-02 01:30:00,247.0,26.0,True
1003,last_reply,"Jul 1st, 2020 10:55 pm",2020-07-01 22:55:00,2020-07-01 22:55:00,247.0,26.0,True
1004,last_reply,"Jul 1st, 2020 10:09 pm",2020-07-01 22:09:00,2020-07-01 22:09:00,247.0,26.0,True
1006,last_reply,"Jul 1st, 2020 9:32 pm",2020-07-01 21:32:00,2020-07-01 21:32:00,247.0,26.0,True
1010,last_reply,"Jul 1st, 2020 7:14 pm",2020-07-01 19:14:00,2020-07-01 19:14:00,247.0,26.0,True
1016,last_reply,"Jul 1st, 2020 5:25 pm",2020-07-01 17:25:00,2020-07-01 17:25:00,247.0,26.0,True
1017,last_reply,"Jul 1st, 2020 4:52 pm",2020-07-01 16:52:00,2020-07-01 16:52:00,247.0,26.0,True
1019,last_reply,"Jul 1st, 2020 4:27 pm",2020-07-01 16:27:00,2020-07-01 16:27:00,247.0,26.0,True
1021,last_reply,"Jul 1st, 2020 3:54 pm",2020-07-01 15:54:00,2020-07-01 15:54:00,247.0,26.0,True
1026,last_reply,"Jul 1st, 2020 1:24 pm",2020-07-01 13:24:00,2020-07-01 13:24:00,247.0,26.0,True
1033,last_reply,"Jul 1st, 2020 12:44 pm",2020-07-01 12:44:00,2020-07-01 12:44:00,247.0,26.0,True
1037,last_reply,"Jul 1st, 2020 12:24 pm",2020-07-01 12:24:00,2020-07-01 12:24:00,247.0,26.0,True
1041,last_reply,"Jul 1st, 2020 11:02 am",2020-07-01 11:02:00,2020-07-01 11:02:00,246.0,26.0,True
1042,last_reply,"Jul 1st, 2020 10:25 am",2020-07-01 10:25:00,2020-07-01 10:25:00,246.0,26.0,True
1045,last_reply,"Jul 1st, 2020 10:03 am",2020-07-01 10:03:00,2020-07-01 10:03:00,246.0,26.0,True
1046,last_reply,"Jul 1st, 2020 9:41 am",2020-07-01 09:41:00,2020-07-01 09:41:00,246.0,26.0,True
1047,last_reply,"Jul 1st, 2020 9:23 am",2020-07-01 09:23:00,2020-07-01 09:23:00,246.0,26.0,True
1048,last_reply,"Jul 1st, 2020 8:33 am",2020-07-01 08:33:00,2020-07-01 08:33:00,246.0,26.0,True
1049,last_reply,"Jul 1st, 2020 6:21 am",2020-07-01 06:21:00,2020-07-01 06:21:00,246.0,26.0,True
1050,last_reply,"Jul 1st, 2020 3:01 am",2020-07-01 03:01:00,2020-07-01 03:01:00,246.0,26.0,True
1053,last_reply,"Jul 1st, 2020 1:06 am",2020-07-01 01:06:00,2020-07-01 01:06:00,246.0,26.0,True
1057,last_reply,"Jun 30th, 2020 10:44 pm",2020-06-30 22:44:00,2020-06-30 22:44:00,247.0,26.0,True
1064,last_reply,"Jun 30th, 2020 8:51 pm",2020-06-30 20:51:00,2020-06-30 20:51:00,247.0,26.0,True
1065,last_reply,"Jun 30th, 2020 8:04 pm",2020-06-30 20:04:00,2020-06-30 20:04:00,247.0,26.0,True
1066,last_reply,"Jun 30th, 2020 7:53 pm",2020-06-30 19:53:00,2020-06-30 19:53:00,247.0,26.0,True
1067,last_reply,"Jun 30th, 2020 7:23 pm",2020-06-30 19:23:00,2020-06-30 19:23:00,247.0,26.0,True
1068,last_reply,"Jun 30th, 2020 7:04 pm",2020-06-30 19:04:00,2020-06-30 19:04:00,247.0,26.0,True
1074,last_reply,"Jun 30th, 2020 6:33 pm",2020-06-30 18:33:00,2020-06-30 18:33:00,247.0,26.0,True
1076,last_reply,"Jun 30th, 2020 6:31 pm",2020-06-30 18:31:00,2020-06-30 18:31:00,247.0,26.0,True
1078,last_reply,"Jun 30th, 2020 4:51 pm",2020-06-30 16:51:00,2020-06-30 16:51:00,247.0,26.0,True
1083,last_reply,"Jun 30th, 2020 3:44 pm",2020-06-30 15:44:00,2020-06-30 15:44:00,247.0,26.0,True
1089,last_reply,"Jun 30th, 2020 1:59 pm",2020-06-30 13:59:00,2020-06-30 13:59:00,247.0,26.0,True
1091,last_reply,"Jun 30th, 2020 1:29 pm",2020-06-30 13:29:00,2020-06-30 13:29:00,247.0,26.0,True
1102,last_reply,"Jun 30th, 2020 9:47 am",2020-06-30 09:47:00,2020-06-30 09:47:00,246.0,26.0,True
1105,last_reply,"Jun 30th, 2020 1:31 am",2020-06-30 01:31:00,2020-06-30 01:31:00,246.0,26.0,True
1111,last_reply,"Jun 29th, 2020 10:38 pm",2020-06-29 22:38:00,2020-06-29 22:38:00,247.0,26.0,True
1114,last_reply,"Jun 29th, 2020 9:46 pm",2020-06-29 21:46:00,2020-06-29 21:46:00,247.0,26.0,True
1115,last_reply,"Jun 29th, 2020 9:36 pm",2020-06-29 21:36:00,2020-06-29 21:36:00,247.0,26.0,True
1116,last_reply,"Jun 29th, 2020 9:29 pm",2020-06-29 21:29:00,2020-06-29 21:29:00,247.0,26.0,True
1120,last_reply,"Jun 29th, 2020 8:11 pm",2020-06-29 20:11:00,2020-06-29 20:11:00,247.0,26.0,True
1123,last_reply,"Jun 29th, 2020 6:14 pm",2020-06-29 18:14:00,2020-06-29 18:14:00,247.0,26.0,True
1129,last_reply,"Jun 29th, 2020 2:21 pm",2020-06-29 14:21:00,2020-06-29 14:21:00,247.0,26.0,True
1131,last_reply,"Jun 29th, 2020 12:48 pm",2020-06-29 12:48:00,2020-06-29 12:48:00,247.0,26.0,True
1137,last_reply,"Jun 29th, 2020 11:24 am",2020-06-29 11:24:00,2020-06-29 11:24:00,246.0,26.0,True
1140,last_reply,"Jun 29th, 2020 9:31 am",2020-06-29 09:31:00,2020-06-29 09:31:00,246.0,26.0,True
1142,last_reply,"Jun 29th, 2020 7:36 am",2020-06-29 07:36:00,2020-06-29 07:36:00,246.0,26.0,True
1143,last_reply,"Jun 29th, 2020 7:35 am",2020-06-29 07:35:00,2020-06-29 07:35:00,246.0,26.0,True
1144,last_reply,"Jun 29th, 2020 6:18 am",2020-06-29 06:18:00,2020-06-29 06:18:00,246.0,26.0,True
1147,last_reply,"Jun 28th, 2020 11:55 pm",2020-06-28 23:55:00,2020-06-28 23:55:00,247.0,26.0,True
1148,last_reply,"Jun 28th, 2020 11:11 pm",2020-06-28 23:11:00,2020-06-28 23:11:00,247.0,26.0,True
1149,last_reply,"Jun 28th, 2020 10:02 pm",2020-06-28 22:02:00,2020-06-28 22:02:00,247.0,26.0,True
1150,last_reply,"Jun 28th, 2020 9:26 pm",2020-06-28 21:26:00,2020-06-28 21:26:00,247.0,26.0,True
1151,last_reply,"Jun 28th, 2020 8:43 pm",2020-06-28 20:43:00,2020-06-28 20:43:00,247.0,26.0,True
1153,last_reply,"Jun 28th, 2020 7:29 pm",2020-06-28 19:29:00,2020-06-28 19:29:00,247.0,26.0,True
1157,last_reply,"Jun 28th, 2020 4:56 pm",2020-06-28 16:56:00,2020-06-28 16:56:00,247.0,26.0,True
1158,last_reply,"Jun 28th, 2020 4:50 pm",2020-06-28 16:50:00,2020-06-28 16:50:00,247.0,26.0,True
1159,last_reply,"Jun 28th, 2020 4:35 pm",2020-06-28 16:35:00,2020-06-28 16:35:00,247.0,26.0,True
1160,last_reply,"Jun 28th, 2020 3:53 pm",2020-06-28 15:53:00,2020-06-28 15:53:00,247.0,26.0,True
1170,last_reply,"Jun 28th, 2020 2:05 pm",2020-06-28 14:05:00,2020-06-28 14:05:00,247.0,26.0,True
1181,last_reply,"Jun 28th, 2020 10:47 am",2020-06-28 10:47:00,2020-06-28 10:47:00,246.0,26.0,True
1182,last_reply,"Jun 28th, 2020 10:28 am",2020-06-28 10:28:00,2020-06-28 10:28:00,246.0,26.0,True
1183,last_reply,"Jun 28th, 2020 8:58 am",2020-06-28 08:58:00,2020-06-28 08:58:00,246.0,26.0,True
1189,last_reply,"Jun 27th, 2020 10:22 pm",2020-06-27 22:22:00,2020-06-27 22:22:00,247.0,26.0,True
1190,last_reply,"Jun 27th, 2020 10:17 pm",2020-06-27 22:17:00,2020-06-27 22:17:00,247.0,26.0,True
1191,last_reply,"Jun 27th, 2020 10:17 pm",2020-06-27 22:17:00,2020-06-27 22:17:00,247.0,26.0,True
1206,last_reply,"Jun 27th, 2020 4:08 pm",2020-06-27 16:08:00,2020-06-27 16:08:00,247.0,26.0,True
1209,last_reply,"Jun 27th, 2020 2:18 pm",2020-06-27 14:18:00,2020-06-27 14:18:00,247.0,26.0,True
1210,last_reply,"Jun 27th, 2020 2:11 pm",2020-06-27 14:11:00,2020-06-27 14:11:00,247.0,26.0,True
1213,last_reply,"Jun 27th, 2020 12:38 pm",2020-06-27 12:38:00,2020-06-27 12:38:00,247.0,26.0,True
1218,last_reply,"Jun 27th, 2020 10:30 am",2020-06-27 10:30:00,2020-06-27 10:30:00,246.0,26.0,True
1219,last_reply,"Jun 27th, 2020 10:26 am",2020-06-27 10:26:00,2020-06-27 10:26:00,246.0,26.0,True
1222,last_reply,"Jun 27th, 2020 9:10 am",2020-06-27 09:10:00,2020-06-27 09:10:00,246.0,26.0,True
1226,last_reply,"Jun 27th, 2020 2:34 am",2020-06-27 02:34:00,2020-06-27 02:34:00,246.0,26.0,True
1228,last_reply,"Jun 27th, 2020 1:02 am",2020-06-27 01:02:00,2020-06-27 01:02:00,246.0,26.0,True
1237,last_reply,"Jun 26th, 2020 8:28 pm",2020-06-26 20:28:00,2020-06-26 20:28:00,247.0,26.0,True
1239,last_reply,"Jun 26th, 2020 8:04 pm",2020-06-26 20:04:00,2020-06-26 20:04:00,247.0,26.0,True
1240,last_reply,"Jun 26th, 2020 8:01 pm",2020-06-26 20:01:00,2020-06-26 20:01:00,247.0,26.0,True
1241,last_reply,"Jun 26th, 2020 7:40 pm",2020-06-26 19:40:00,2020-06-26 19:40:00,247.0,26.0,True
1248,last_reply,"Jun 26th, 2020 5:11 pm",2020-06-26 17:11:00,2020-06-26 17:11:00,247.0,26.0,True
1249,last_reply,"Jun 26th, 2020 5:09 pm",2020-06-26 17:09:00,2020-06-26 17:09:00,247.0,26.0,True
1251,last_reply,"Jun 26th, 2020 5:01 pm",2020-06-26 17:01:00,2020-06-26 17:01:00,247.0,26.0,True
1252,last_reply,"Jun 26th, 2020 4:59 pm",2020-06-26 16:59:00,2020-06-26 16:59:00,247.0,26.0,True
1258,last_reply,"Jun 26th, 2020 4:10 pm",2020-06-26 16:10:00,2020-06-26 16:10:00,247.0,26.0,True
1261,last_reply,"Jun 26th, 2020 3:36 pm",2020-06-26 15:36:00,2020-06-26 15:36:00,247.0,26.0,True
1266,last_reply,"Jun 26th, 2020 2:22 pm",2020-06-26 14:22:00,2020-06-26 14:22:00,247.0,26.0,True
1267,last_reply,"Jun 26th, 2020 2:21 pm",2020-06-26 14:21:00,2020-06-26 14:21:00,247.0,26.0,True
1280,last_reply,"Jun 26th, 2020 10:26 am",2020-06-26 10:26:00,2020-06-26 10:26:00,246.0,26.0,True
1282,last_reply,"Jun 26th, 2020 9:49 am",2020-06-26 09:49:00,2020-06-26 09:49:00,246.0,26.0,True
1284,last_reply,"Jun 26th, 2020 8:47 am",2020-06-26 08:47:00,2020-06-26 08:47:00,246.0,26.0,True
1285,last_reply,"Jun 26th, 2020 8:40 am",2020-06-26 08:40:00,2020-06-26 08:40:00,246.0,26.0,True
1287,last_reply,"Jun 26th, 2020 5:31 am",2020-06-26 05:31:00,2020-06-26 05:31:00,246.0,26.0,True
1290,last_reply,"Jun 26th, 2020 12:30 am",2020-06-26 00:30:00,2020-06-26 00:30:00,246.0,26.0,True
1295,last_reply,"Jun 25th, 2020 9:20 pm",2020-06-25 21:20:00,2020-06-25 21:20:00,247.0,26.0,True
1306,last_reply,"Jun 25th, 2020 7:05 pm",2020-06-25 19:05:00,2020-06-25 19:05:00,247.0,26.0,True
1309,last_reply,"Jun 25th, 2020 6:20 pm",2020-06-25 18:20:00,2020-06-25 18:20:00,247.0,26.0,True
1310,last_reply,"Jun 25th, 2020 5:20 pm",2020-06-25 17:20:00,2020-06-25 17:20:00,247.0,26.0,True
1313,last_reply,"Jun 25th, 2020 5:07 pm",2020-06-25 17:07:00,2020-06-25 17:07:00,247.0,26.0,True
1318,last_reply,"Jun 25th, 2020 4:26 pm",2020-06-25 16:26:00,2020-06-25 16:26:00,247.0,26.0,True
1319,last_reply,"Jun 25th, 2020 3:57 pm",2020-06-25 15:57:00,2020-06-25 15:57:00,247.0,26.0,True
1323,last_reply,"Jun 13th, 2020 6:38 pm",2020-06-13 18:38:00,2020-06-13 18:38:00,247.0,26.0,True
1324,last_reply,"Apr 22nd, 2020 10:58 pm",2020-04-22 22:58:00,2020-04-22 22:58:00,248.0,26.0,True
1325,last_reply,"Dec 25th, 2019 3:00 pm",2019-12-25 15:00:00,2019-12-25 15:00:00,247.0,26.0,True
